Customer ID,Order ID,Order Date,Sales Amount,Category,Region
CUST-0666,ORD-2025378,2023-01-01,246.6,Electronics,West
CUST-0586,ORD-2024198,2023-01-01,84.85,Beauty,Central
CUST-0158,ORD-2025784,2023-01-01,46.27,Beauty,West
CUST-0491,ORD-2025675,2023-01-01,135.26,Home & Living,North
CUST-0640,ORD-2024056,2023-01-01,82.98,Sports,South
CUST-0793,ORD-2024095,2023-01-01,63.75,Fashion,West
CUST-0126,ORD-2023524,2023-01-02,95.68,Electronics,North
CUST-0839,ORD-2023279,2023-01-02,28.96,Groceries,West
CUST-0731,ORD-2023823,2023-01-02,83.41,Beauty,Central
CUST-0757,ORD-2025530,2023-01-02,106.7,Sports,Central
CUST-0192,ORD-2023002,2023-01-02,295.77,Electronics,West
CUST-0057,ORD-2026205,2023-01-02,232.94,Home & Living,West
CUST-0870,ORD-2026590,2023-01-03,110.67,Fashion,South
CUST-0847,ORD-2024255,2023-01-03,381.11,Electronics,North
CUST-0712,ORD-2024492,2023-01-03,151.39,Sports,East
CUST-0741,ORD-2025073,2023-01-03,98.56,Sports,South
CUST-0351,ORD-2026189,2023-01-04,91.2,Fashion,West
CUST-0674,ORD-2023824,2023-01-04,110.95,Sports,North
CUST-0438,ORD-2023761,2023-01-04,360.79,Electronics,North
CUST-0753,ORD-2023898,2023-01-05,167.43,Sports,West
CUST-0177,ORD-2026393,2023-01-05,72.63,Beauty,West
CUST-0757,ORD-2024965,2023-01-05,250.69,Electronics,West
CUST-0810,ORD-2023286,2023-01-05,106.56,Sports,North
CUST-0200,ORD-2023753,2023-01-05,114.24,Fashion,North
CUST-0133,ORD-2026516,2023-01-06,37.91,Groceries,West
CUST-0136,ORD-2025865,2023-01-06,272.06,Home & Living,East
CUST-0784,ORD-2024322,2023-01-06,181.24,Fashion,East
CUST-0826,ORD-2024304,2023-01-06,121.57,Home & Living,West
CUST-0326,ORD-2024762,2023-01-06,116.73,Beauty,West
CUST-0669,ORD-2023975,2023-01-06,145.84,Electronics,West
CUST-0208,ORD-2023832,2023-01-07,261.05,Home & Living,West
CUST-0679,ORD-2025351,2023-01-07,55.67,Beauty,South
CUST-0193,ORD-2024929,2023-01-07,196.29,Electronics,North
CUST-0444,ORD-2025259,2023-01-08,278.39,Fashion,North
CUST-0153,ORD-2024089,2023-01-08,174.82,Home & Living,North
CUST-0241,ORD-2024428,2023-01-08,43.86,Fashion,West
CUST-0828,ORD-2025330,2023-01-08,154.07,Fashion,South
CUST-0550,ORD-2026171,2023-01-08,156.93,Electronics,South
CUST-0159,ORD-2026424,2023-01-09,217.77,Electronics,Central
CUST-0845,ORD-2025462,2023-01-09,42.25,Groceries,Central
CUST-0160,ORD-2025542,2023-01-09,429.47,Electronics,South
CUST-0149,ORD-2024905,2023-01-09,40.36,Beauty,Central
CUST-0503,ORD-2026385,2023-01-09,117.52,Beauty,South
CUST-0028,ORD-2025402,2023-01-09,213.16,Fashion,South
CUST-0686,ORD-2024281,2023-01-09,51.4,Groceries,Central
CUST-0085,ORD-2023494,2023-01-10,60.9,Fashion,East
CUST-0611,ORD-2024317,2023-01-10,56.21,Beauty,North
CUST-0294,ORD-2026131,2023-01-10,81.62,Fashion,South
CUST-0218,ORD-2024195,2023-01-10,87.76,Fashion,Central
CUST-0516,ORD-2025580,2023-01-11,309.06,Electronics,East
CUST-0385,ORD-2025515,2023-01-11,182.21,Electronics,East
CUST-0554,ORD-2026145,2023-01-11,134.84,Home & Living,West
CUST-0124,ORD-2023247,2023-01-12,333.54,Electronics,South
CUST-0637,ORD-2025750,2023-01-12,126.5,Fashion,West
CUST-0114,ORD-2026199,2023-01-12,393.81,Electronics,North
CUST-0437,ORD-2023066,2023-01-12,205.12,Home & Living,West
CUST-0139,ORD-2024203,2023-01-12,42.56,Groceries,South
CUST-0150,ORD-2023841,2023-01-13,96.81,Sports,West
CUST-0890,ORD-2025102,2023-01-13,37.81,Fashion,Central
CUST-0739,ORD-2023478,2023-01-13,149.25,Fashion,Central
CUST-0095,ORD-2024108,2023-01-14,209.38,Electronics,South
CUST-0347,ORD-2023844,2023-01-14,78.42,Fashion,West
CUST-0379,ORD-2024996,2023-01-14,159.38,Fashion,North
CUST-0210,ORD-2025149,2023-01-14,103.32,Beauty,North
CUST-0142,ORD-2025224,2023-01-15,55.33,Groceries,South
CUST-0498,ORD-2024013,2023-01-17,154.42,Sports,Central
CUST-0695,ORD-2025676,2023-01-17,76.75,Beauty,Central
CUST-0254,ORD-2024335,2023-01-17,33.03,Groceries,North
CUST-0069,ORD-2025303,2023-01-17,132.85,Electronics,Central
CUST-0622,ORD-2023511,2023-01-17,46.93,Fashion,East
CUST-0686,ORD-2024368,2023-01-17,85.68,Home & Living,East
CUST-0277,ORD-2025587,2023-01-17,110.27,Home & Living,North
CUST-0121,ORD-2024813,2023-01-17,97.19,Beauty,North
CUST-0898,ORD-2025927,2023-01-18,109.73,Home & Living,South
CUST-0765,ORD-2025637,2023-01-18,532.19,Electronics,West
CUST-0555,ORD-2024459,2023-01-18,70.62,Sports,South
CUST-0643,ORD-2023437,2023-01-18,83.75,Beauty,Central
CUST-0720,ORD-2024736,2023-01-18,307.97,Home & Living,Central
CUST-0128,ORD-2024415,2023-01-18,99.43,Home & Living,South
CUST-0164,ORD-2024254,2023-01-18,50.27,Beauty,West
CUST-0452,ORD-2024670,2023-01-19,23.51,Fashion,Central
CUST-0256,ORD-2024700,2023-01-19,211.28,Sports,West
CUST-0612,ORD-2023137,2023-01-19,116.21,Sports,South
CUST-0193,ORD-2023805,2023-01-19,99.48,Fashion,East
CUST-0424,ORD-2023822,2023-01-19,89.02,Fashion,West
CUST-0390,ORD-2025298,2023-01-20,48.3,Groceries,North
CUST-0706,ORD-2025974,2023-01-20,35.86,Groceries,South
CUST-0378,ORD-2024433,2023-01-20,55.06,Fashion,North
CUST-0713,ORD-2025170,2023-01-20,43.67,Home & Living,North
CUST-0212,ORD-2024062,2023-01-20,64.79,Sports,Central
CUST-0237,ORD-2023983,2023-01-20,72.74,Fashion,West
CUST-0777,ORD-2023492,2023-01-20,98.22,Electronics,West
CUST-0186,ORD-2023239,2023-01-21,41.83,Groceries,North
CUST-0867,ORD-2024248,2023-01-21,42.32,Groceries,West
CUST-0425,ORD-2025057,2023-01-21,138.51,Home & Living,East
CUST-0890,ORD-2025134,2023-01-21,97.85,Beauty,South
CUST-0281,ORD-2023694,2023-01-22,37.14,Groceries,West
CUST-0502,ORD-2024078,2023-01-22,147.32,Sports,East
CUST-0479,ORD-2026594,2023-01-22,39.99,Groceries,North
CUST-0668,ORD-2023124,2023-01-22,43.58,Groceries,West
CUST-0674,ORD-2025881,2023-01-23,48.36,Beauty,West
CUST-0630,ORD-2024544,2023-01-23,35.63,Groceries,North
CUST-0256,ORD-2024484,2023-01-23,205.62,Electronics,East
CUST-0727,ORD-2023798,2023-01-24,138.98,Home & Living,South
CUST-0038,ORD-2023374,2023-01-25,286.12,Home & Living,West
CUST-0465,ORD-2023641,2023-01-25,257.07,Fashion,South
CUST-0336,ORD-2023270,2023-01-25,296.46,Sports,East
CUST-0886,ORD-2024578,2023-01-25,227.29,Fashion,Central
CUST-0825,ORD-2026359,2023-01-25,47.83,Groceries,Central
CUST-0502,ORD-2023667,2023-01-25,73.94,Fashion,Central
CUST-0675,ORD-2026313,2023-01-26,30.73,Groceries,North
CUST-0164,ORD-2023893,2023-01-26,84.88,Sports,South
CUST-0159,ORD-2023057,2023-01-26,184.22,Home & Living,South
CUST-0117,ORD-2024011,2023-01-26,49.5,Groceries,Central
CUST-0521,ORD-2023046,2023-01-26,36.21,Electronics,South
CUST-0660,ORD-2025838,2023-01-26,287.07,Home & Living,East
CUST-0493,ORD-2025338,2023-01-26,160.66,Electronics,West
CUST-0227,ORD-2023317,2023-01-27,48.97,Groceries,North
CUST-0180,ORD-2025305,2023-01-27,473.6,Home & Living,North
CUST-0069,ORD-2025334,2023-01-27,136.4,Home & Living,North
CUST-0657,ORD-2024437,2023-01-27,132.69,Fashion,East
CUST-0384,ORD-2023405,2023-01-28,92.39,Fashion,Central
CUST-0537,ORD-2026140,2023-01-28,119.85,Electronics,South
CUST-0653,ORD-2023786,2023-01-28,69.53,Beauty,East
CUST-0371,ORD-2023160,2023-01-29,59.93,Beauty,North
CUST-0620,ORD-2025978,2023-01-29,50.3,Groceries,West
CUST-0675,ORD-2025701,2023-01-29,72.85,Groceries,West
CUST-0679,ORD-2024610,2023-01-29,113.24,Fashion,South
CUST-0080,ORD-2024331,2023-01-30,133.43,Home & Living,South
CUST-0214,ORD-2026190,2023-01-30,61.73,Fashion,Central
CUST-0182,ORD-2025886,2023-01-31,432.51,Electronics,East
CUST-0602,ORD-2025968,2023-01-31,59.68,Beauty,South
CUST-0224,ORD-2023389,2023-01-31,322.5,Home & Living,South
CUST-0722,ORD-2024371,2023-01-31,61.54,Home & Living,East
CUST-0219,ORD-2024873,2023-01-31,128.75,Home & Living,Central
CUST-0881,ORD-2024042,2023-01-31,113.55,Home & Living,North
CUST-0890,ORD-2025688,2023-01-31,63.68,Fashion,Central
CUST-0177,ORD-2025355,2023-01-31,536.03,Electronics,North
CUST-0390,ORD-2025946,2023-01-31,96.27,Home & Living,East
CUST-0213,ORD-2024148,2023-02-01,89.34,Fashion,East
CUST-0500,ORD-2024502,2023-02-01,44.76,Fashion,South
CUST-0440,ORD-2023464,2023-02-01,51.19,Groceries,South
CUST-0881,ORD-2025030,2023-02-01,64.92,Fashion,South
CUST-0730,ORD-2026200,2023-02-01,116.06,Fashion,North
CUST-0623,ORD-2024964,2023-02-02,98.49,Home & Living,North
CUST-0419,ORD-2026561,2023-02-02,61.95,Groceries,West
CUST-0006,ORD-2024584,2023-02-03,53.84,Groceries,East
CUST-0355,ORD-2024728,2023-02-03,49.36,Beauty,South
CUST-0881,ORD-2025376,2023-02-04,45.99,Groceries,North
CUST-0592,ORD-2024941,2023-02-04,41.48,Groceries,West
CUST-0799,ORD-2024209,2023-02-04,42.42,Groceries,South
CUST-0895,ORD-2025791,2023-02-04,252.25,Electronics,East
CUST-0349,ORD-2026461,2023-02-05,268.72,Fashion,West
CUST-0212,ORD-2026109,2023-02-05,102.7,Fashion,West
CUST-0387,ORD-2023964,2023-02-05,63.42,Groceries,South
CUST-0387,ORD-2023287,2023-02-05,45.15,Beauty,North
CUST-0712,ORD-2025285,2023-02-05,207.53,Home & Living,North
CUST-0800,ORD-2024846,2023-02-05,342.94,Home & Living,North
CUST-0425,ORD-2024976,2023-02-06,58.4,Groceries,South
CUST-0330,ORD-2025556,2023-02-06,34.8,Groceries,North
CUST-0406,ORD-2023357,2023-02-06,82.32,Electronics,South
CUST-0121,ORD-2025999,2023-02-07,57.98,Groceries,East
CUST-0002,ORD-2024637,2023-02-07,78.64,Beauty,East
CUST-0134,ORD-2026471,2023-02-07,75.91,Home & Living,North
CUST-0382,ORD-2026512,2023-02-08,300.54,Home & Living,East
CUST-0183,ORD-2025092,2023-02-08,46.42,Home & Living,North
CUST-0438,ORD-2023243,2023-02-08,50.84,Groceries,Central
CUST-0715,ORD-2023917,2023-02-08,285.6,Electronics,North
CUST-0346,ORD-2024644,2023-02-08,71.71,Fashion,Central
CUST-0176,ORD-2024895,2023-02-08,103.92,Electronics,North
CUST-0337,ORD-2024186,2023-02-08,162.03,Electronics,South
CUST-0264,ORD-2024613,2023-02-09,47.57,Groceries,North
CUST-0114,ORD-2025210,2023-02-09,269.83,Electronics,North
CUST-0594,ORD-2024142,2023-02-09,138.76,Fashion,North
CUST-0629,ORD-2025501,2023-02-09,85.65,Beauty,East
CUST-0868,ORD-2024416,2023-02-10,64.05,Beauty,South
CUST-0299,ORD-2023629,2023-02-10,504.98,Electronics,South
CUST-0144,ORD-2026194,2023-02-11,37.86,Home & Living,East
CUST-0559,ORD-2025014,2023-02-11,63.62,Sports,South
CUST-0104,ORD-2024034,2023-02-11,125.17,Electronics,North
CUST-0102,ORD-2025803,2023-02-11,76.42,Fashion,East
CUST-0563,ORD-2024044,2023-02-11,109.34,Fashion,North
CUST-0554,ORD-2024834,2023-02-11,54.86,Beauty,South
CUST-0285,ORD-2026173,2023-02-11,53.1,Groceries,East
CUST-0410,ORD-2026390,2023-02-11,107.95,Sports,East
CUST-0515,ORD-2023885,2023-02-12,200.46,Sports,West
CUST-0397,ORD-2025866,2023-02-12,296.27,Electronics,West
CUST-0256,ORD-2024980,2023-02-12,159.07,Electronics,Central
CUST-0213,ORD-2025665,2023-02-12,157.39,Sports,Central
CUST-0368,ORD-2024012,2023-02-12,135.79,Fashion,South
CUST-0595,ORD-2023042,2023-02-12,25.56,Groceries,East
CUST-0506,ORD-2025581,2023-02-12,21.91,Groceries,East
CUST-0428,ORD-2026073,2023-02-12,70.28,Beauty,West
CUST-0348,ORD-2025990,2023-02-12,44.49,Groceries,North
CUST-0260,ORD-2024796,2023-02-12,125.9,Home & Living,East
CUST-0521,ORD-2023829,2023-02-12,132.83,Electronics,South
CUST-0770,ORD-2025834,2023-02-12,311.58,Fashion,West
CUST-0570,ORD-2023574,2023-02-13,32.78,Groceries,Central
CUST-0095,ORD-2024379,2023-02-13,38.47,Groceries,East
CUST-0710,ORD-2023547,2023-02-14,195.44,Electronics,North
CUST-0798,ORD-2025091,2023-02-14,100.24,Fashion,West
CUST-0183,ORD-2024797,2023-02-14,94.29,Home & Living,East
CUST-0283,ORD-2024112,2023-02-14,57.73,Beauty,Central
CUST-0157,ORD-2023462,2023-02-15,154.35,Sports,Central
CUST-0662,ORD-2023792,2023-02-15,35.15,Groceries,West
CUST-0107,ORD-2024377,2023-02-15,141.0,Beauty,West
CUST-0340,ORD-2024835,2023-02-15,112.52,Fashion,North
CUST-0070,ORD-2026354,2023-02-15,62.36,Groceries,West
CUST-0775,ORD-2023860,2023-02-15,40.32,Beauty,South
CUST-0299,ORD-2024591,2023-02-15,38.06,Groceries,South
CUST-0719,ORD-2023633,2023-02-15,80.61,Fashion,Central
CUST-0349,ORD-2025105,2023-02-15,37.35,Groceries,South
CUST-0399,ORD-2026361,2023-02-16,127.6,Fashion,Central
CUST-0057,ORD-2026282,2023-02-16,42.23,Home & Living,North
CUST-0081,ORD-2025923,2023-02-16,53.02,Groceries,East
CUST-0049,ORD-2023919,2023-02-17,154.21,Sports,South
CUST-0502,ORD-2023337,2023-02-17,31.82,Beauty,Central
CUST-0607,ORD-2025051,2023-02-17,73.55,Sports,North
CUST-0459,ORD-2023866,2023-02-17,44.23,Fashion,North
CUST-0177,ORD-2023092,2023-02-17,45.38,Groceries,South
CUST-0314,ORD-2024481,2023-02-17,81.17,Sports,South
CUST-0589,ORD-2024349,2023-02-18,151.65,Fashion,East
CUST-0023,ORD-2025525,2023-02-18,152.59,Home & Living,East
CUST-0023,ORD-2026175,2023-02-18,80.97,Groceries,West
CUST-0516,ORD-2024815,2023-02-19,120.44,Fashion,Central
CUST-0361,ORD-2023743,2023-02-19,164.76,Electronics,South
CUST-0500,ORD-2023025,2023-02-19,35.38,Groceries,South
CUST-0425,ORD-2023082,2023-02-20,64.02,Fashion,East
CUST-0765,ORD-2023104,2023-02-20,59.84,Beauty,South
CUST-0433,ORD-2023810,2023-02-20,107.96,Home & Living,North
CUST-0185,ORD-2023643,2023-02-20,290.63,Home & Living,East
CUST-0403,ORD-2024606,2023-02-21,423.61,Electronics,North
CUST-0556,ORD-2024202,2023-02-21,43.67,Beauty,Central
CUST-0774,ORD-2025308,2023-02-21,80.19,Fashion,Central
CUST-0709,ORD-2025628,2023-02-21,257.04,Electronics,Central
CUST-0093,ORD-2023302,2023-02-22,302.42,Electronics,Central
CUST-0561,ORD-2024766,2023-02-22,51.04,Fashion,Central
CUST-0172,ORD-2024336,2023-02-22,61.12,Fashion,West
CUST-0462,ORD-2025494,2023-02-23,56.63,Fashion,South
CUST-0798,ORD-2023791,2023-02-23,233.35,Electronics,East
CUST-0319,ORD-2024501,2023-02-24,107.33,Home & Living,Central
CUST-0193,ORD-2024755,2023-02-24,43.43,Beauty,Central
CUST-0660,ORD-2024332,2023-02-25,197.63,Home & Living,West
CUST-0612,ORD-2024069,2023-02-25,135.19,Fashion,North
CUST-0809,ORD-2023549,2023-02-26,179.79,Electronics,South
CUST-0213,ORD-2026357,2023-02-26,44.91,Groceries,West
CUST-0451,ORD-2026219,2023-02-26,94.55,Fashion,North
CUST-0823,ORD-2024623,2023-02-26,42.77,Groceries,West
CUST-0887,ORD-2023407,2023-02-26,156.31,Electronics,North
CUST-0224,ORD-2024178,2023-02-27,38.05,Groceries,South
CUST-0580,ORD-2023655,2023-02-27,106.9,Beauty,West
CUST-0019,ORD-2023183,2023-02-27,82.01,Sports,West
CUST-0290,ORD-2023314,2023-02-27,62.44,Fashion,West
CUST-0526,ORD-2023578,2023-02-27,261.01,Electronics,South
CUST-0114,ORD-2024020,2023-02-28,148.66,Electronics,North
CUST-0491,ORD-2024028,2023-02-28,33.26,Groceries,North
CUST-0675,ORD-2025350,2023-02-28,60.42,Fashion,West
CUST-0514,ORD-2026597,2023-02-28,50.04,Beauty,West
CUST-0797,ORD-2026052,2023-02-28,260.58,Home & Living,West
CUST-0512,ORD-2026051,2023-03-01,32.68,Fashion,West
CUST-0010,ORD-2026450,2023-03-01,44.92,Groceries,East
CUST-0871,ORD-2024925,2023-03-01,149.06,Fashion,East
CUST-0237,ORD-2024972,2023-03-02,30.38,Groceries,North
CUST-0680,ORD-2026400,2023-03-02,147.62,Home & Living,East
CUST-0582,ORD-2025734,2023-03-02,45.63,Beauty,West
CUST-0327,ORD-2024998,2023-03-03,96.02,Home & Living,Central
CUST-0004,ORD-2026323,2023-03-03,124.87,Sports,Central
CUST-0484,ORD-2025867,2023-03-03,430.08,Home & Living,West
CUST-0620,ORD-2026521,2023-03-03,230.56,Electronics,South
CUST-0480,ORD-2025150,2023-03-03,83.13,Groceries,North
CUST-0635,ORD-2024407,2023-03-03,41.61,Groceries,West
CUST-0867,ORD-2023636,2023-03-05,117.48,Electronics,East
CUST-0069,ORD-2026117,2023-03-05,59.51,Groceries,Central
CUST-0069,ORD-2025131,2023-03-06,142.25,Fashion,South
CUST-0010,ORD-2025450,2023-03-07,52.55,Groceries,Central
CUST-0881,ORD-2023202,2023-03-07,54.48,Groceries,East
CUST-0240,ORD-2024022,2023-03-07,105.05,Sports,East
CUST-0775,ORD-2023424,2023-03-08,162.82,Sports,South
CUST-0220,ORD-2025162,2023-03-08,166.08,Fashion,Central
CUST-0316,ORD-2024298,2023-03-08,71.33,Sports,East
CUST-0357,ORD-2025313,2023-03-08,77.25,Fashion,West
CUST-0556,ORD-2025893,2023-03-09,186.14,Electronics,East
CUST-0399,ORD-2025199,2023-03-09,80.33,Electronics,North
CUST-0385,ORD-2025922,2023-03-09,177.68,Sports,North
CUST-0098,ORD-2026394,2023-03-09,375.98,Sports,West
CUST-0196,ORD-2024411,2023-03-09,91.18,Fashion,Central
CUST-0082,ORD-2024150,2023-03-09,155.87,Sports,West
CUST-0861,ORD-2025502,2023-03-09,165.75,Fashion,North
CUST-0720,ORD-2026399,2023-03-10,39.3,Beauty,West
CUST-0057,ORD-2023045,2023-03-10,110.02,Fashion,Central
CUST-0354,ORD-2025842,2023-03-10,81.13,Beauty,South
CUST-0897,ORD-2026517,2023-03-10,105.41,Fashion,Central
CUST-0193,ORD-2024689,2023-03-11,273.36,Electronics,West
CUST-0138,ORD-2023135,2023-03-11,64.92,Beauty,West
CUST-0462,ORD-2025341,2023-03-11,172.16,Sports,West
CUST-0840,ORD-2026289,2023-03-11,128.1,Sports,Central
CUST-0007,ORD-2024067,2023-03-11,216.11,Home & Living,South
CUST-0867,ORD-2025097,2023-03-11,52.59,Beauty,North
CUST-0274,ORD-2024948,2023-03-12,96.5,Fashion,Central
CUST-0062,ORD-2024781,2023-03-12,90.64,Sports,North
CUST-0802,ORD-2024772,2023-03-12,345.03,Electronics,West
CUST-0682,ORD-2023141,2023-03-12,51.71,Beauty,North
CUST-0405,ORD-2024524,2023-03-12,182.42,Sports,South
CUST-0159,ORD-2025090,2023-03-12,194.81,Home & Living,North
CUST-0205,ORD-2023562,2023-03-12,279.47,Electronics,North
CUST-0428,ORD-2024375,2023-03-12,151.94,Sports,West
CUST-0844,ORD-2023769,2023-03-12,255.92,Electronics,East
CUST-0549,ORD-2024989,2023-03-13,217.22,Electronics,South
CUST-0299,ORD-2024222,2023-03-13,279.51,Home & Living,West
CUST-0890,ORD-2023915,2023-03-13,73.01,Sports,East
CUST-0166,ORD-2023543,2023-03-13,174.62,Sports,South
CUST-0771,ORD-2025752,2023-03-13,198.78,Fashion,West
CUST-0627,ORD-2023155,2023-03-14,136.92,Sports,West
CUST-0209,ORD-2026186,2023-03-14,71.56,Fashion,West
CUST-0205,ORD-2025140,2023-03-14,64.45,Beauty,West
CUST-0062,ORD-2024959,2023-03-14,54.32,Beauty,South
CUST-0327,ORD-2024480,2023-03-14,60.82,Beauty,North
CUST-0266,ORD-2026267,2023-03-15,149.64,Home & Living,South
CUST-0800,ORD-2024743,2023-03-15,56.01,Groceries,South
CUST-0130,ORD-2024752,2023-03-15,139.48,Home & Living,South
CUST-0198,ORD-2026192,2023-03-15,79.09,Beauty,East
CUST-0577,ORD-2026459,2023-03-15,317.73,Home & Living,West
CUST-0892,ORD-2023253,2023-03-15,55.5,Groceries,Central
CUST-0378,ORD-2025412,2023-03-16,159.32,Electronics,East
CUST-0149,ORD-2025519,2023-03-16,146.5,Electronics,Central
CUST-0153,ORD-2023486,2023-03-16,95.69,Beauty,Central
CUST-0495,ORD-2026021,2023-03-16,90.35,Fashion,Central
CUST-0709,ORD-2024727,2023-03-17,85.55,Home & Living,West
CUST-0669,ORD-2024826,2023-03-17,135.88,Sports,North
CUST-0032,ORD-2023297,2023-03-17,53.32,Fashion,East
CUST-0143,ORD-2024488,2023-03-17,88.18,Home & Living,North
CUST-0105,ORD-2024668,2023-03-17,39.52,Groceries,North
CUST-0317,ORD-2023921,2023-03-18,77.09,Fashion,North
CUST-0659,ORD-2025672,2023-03-18,281.92,Home & Living,East
CUST-0385,ORD-2023453,2023-03-18,66.67,Beauty,North
CUST-0735,ORD-2024575,2023-03-18,54.49,Groceries,West
CUST-0330,ORD-2025226,2023-03-19,54.37,Groceries,North
CUST-0254,ORD-2025634,2023-03-19,269.7,Home & Living,East
CUST-0210,ORD-2024479,2023-03-19,67.31,Beauty,West
CUST-0141,ORD-2024344,2023-03-19,80.41,Home & Living,Central
CUST-0305,ORD-2026238,2023-03-19,328.35,Electronics,South
CUST-0415,ORD-2024900,2023-03-19,79.76,Home & Living,Central
CUST-0396,ORD-2025442,2023-03-19,54.43,Beauty,North
CUST-0544,ORD-2024760,2023-03-19,267.74,Sports,North
CUST-0185,ORD-2024812,2023-03-19,112.5,Fashion,North
CUST-0364,ORD-2025811,2023-03-19,29.73,Groceries,East
CUST-0124,ORD-2024747,2023-03-19,90.3,Fashion,South
CUST-0440,ORD-2023777,2023-03-20,223.61,Home & Living,South
CUST-0032,ORD-2024496,2023-03-20,58.63,Beauty,Central
CUST-0029,ORD-2023225,2023-03-20,181.38,Fashion,Central
CUST-0826,ORD-2023741,2023-03-20,120.82,Home & Living,West
CUST-0307,ORD-2025855,2023-03-20,40.3,Groceries,West
CUST-0406,ORD-2024060,2023-03-21,173.72,Electronics,North
CUST-0295,ORD-2025368,2023-03-21,129.15,Fashion,West
CUST-0612,ORD-2024773,2023-03-21,202.39,Fashion,East
CUST-0040,ORD-2026545,2023-03-21,62.94,Beauty,South
CUST-0203,ORD-2024165,2023-03-22,61.77,Fashion,West
CUST-0832,ORD-2023965,2023-03-22,72.78,Beauty,West
CUST-0525,ORD-2025077,2023-03-22,187.15,Electronics,South
CUST-0729,ORD-2024788,2023-03-23,283.06,Sports,South
CUST-0425,ORD-2023140,2023-03-23,182.43,Home & Living,East
CUST-0726,ORD-2025052,2023-03-23,34.62,Groceries,West
CUST-0765,ORD-2025772,2023-03-23,65.97,Beauty,East
CUST-0005,ORD-2025920,2023-03-23,56.98,Beauty,North
CUST-0428,ORD-2026108,2023-03-23,56.17,Groceries,North
CUST-0264,ORD-2023224,2023-03-23,122.82,Sports,South
CUST-0521,ORD-2023006,2023-03-24,87.82,Beauty,Central
CUST-0118,ORD-2023739,2023-03-24,139.76,Home & Living,North
CUST-0158,ORD-2025373,2023-03-24,993.4,Electronics,North
CUST-0824,ORD-2026126,2023-03-24,42.79,Beauty,South
CUST-0388,ORD-2025954,2023-03-24,89.89,Groceries,West
CUST-0292,ORD-2024365,2023-03-24,77.11,Groceries,West
CUST-0309,ORD-2024832,2023-03-24,122.03,Sports,East
CUST-0765,ORD-2023000,2023-03-25,32.05,Groceries,West
CUST-0479,ORD-2025297,2023-03-25,63.56,Fashion,South
CUST-0210,ORD-2026103,2023-03-25,214.84,Sports,West
CUST-0887,ORD-2023018,2023-03-25,47.12,Groceries,West
CUST-0137,ORD-2023060,2023-03-25,176.23,Electronics,East
CUST-0128,ORD-2024171,2023-03-25,27.44,Groceries,West
CUST-0538,ORD-2024509,2023-03-26,74.15,Fashion,North
CUST-0172,ORD-2024373,2023-03-26,54.57,Groceries,West
CUST-0431,ORD-2023502,2023-03-27,244.96,Home & Living,South
CUST-0499,ORD-2023961,2023-03-27,416.17,Electronics,North
CUST-0074,ORD-2024580,2023-03-27,140.32,Electronics,West
CUST-0319,ORD-2026576,2023-03-28,110.82,Fashion,South
CUST-0126,ORD-2026372,2023-03-28,276.8,Sports,West
CUST-0242,ORD-2023650,2023-03-28,79.05,Home & Living,South
CUST-0256,ORD-2023435,2023-03-28,305.0,Electronics,Central
CUST-0112,ORD-2023926,2023-03-28,94.15,Sports,South
CUST-0471,ORD-2024571,2023-03-28,203.45,Home & Living,West
CUST-0373,ORD-2024803,2023-03-28,65.13,Groceries,West
CUST-0436,ORD-2025124,2023-03-28,153.49,Electronics,Central
CUST-0141,ORD-2026408,2023-03-28,36.63,Groceries,North
CUST-0178,ORD-2024043,2023-03-28,221.03,Home & Living,Central
CUST-0784,ORD-2025383,2023-03-28,200.6,Sports,South
CUST-0038,ORD-2024498,2023-03-29,442.84,Electronics,Central
CUST-0127,ORD-2023479,2023-03-29,108.78,Fashion,East
CUST-0820,ORD-2023020,2023-03-29,67.87,Beauty,West
CUST-0177,ORD-2023061,2023-03-29,57.73,Groceries,Central
CUST-0732,ORD-2023757,2023-03-29,130.2,Sports,South
CUST-0239,ORD-2023604,2023-03-29,116.4,Sports,Central
CUST-0244,ORD-2025340,2023-03-29,60.76,Beauty,Central
CUST-0394,ORD-2024626,2023-03-30,135.81,Sports,East
CUST-0055,ORD-2023968,2023-03-30,72.83,Beauty,South
CUST-0286,ORD-2025011,2023-03-30,199.24,Electronics,South
CUST-0292,ORD-2026290,2023-03-30,170.35,Home & Living,West
CUST-0127,ORD-2024536,2023-03-30,160.08,Electronics,North
CUST-0606,ORD-2026439,2023-03-31,300.41,Fashion,West
CUST-0598,ORD-2023062,2023-03-31,193.95,Electronics,North
CUST-0081,ORD-2025809,2023-03-31,42.91,Groceries,West
CUST-0677,ORD-2023534,2023-03-31,70.85,Groceries,West
CUST-0536,ORD-2025101,2023-04-01,45.9,Groceries,North
CUST-0446,ORD-2024748,2023-04-01,226.72,Electronics,East
CUST-0682,ORD-2026344,2023-04-01,231.62,Electronics,North
CUST-0037,ORD-2026363,2023-04-01,266.21,Sports,North
CUST-0213,ORD-2023951,2023-04-01,199.87,Sports,North
CUST-0029,ORD-2025292,2023-04-01,225.64,Home & Living,West
CUST-0124,ORD-2023204,2023-04-02,210.31,Electronics,South
CUST-0297,ORD-2023143,2023-04-02,162.05,Home & Living,South
CUST-0395,ORD-2026577,2023-04-02,52.53,Groceries,West
CUST-0177,ORD-2026547,2023-04-02,101.57,Fashion,Central
CUST-0770,ORD-2025423,2023-04-02,56.43,Sports,Central
CUST-0519,ORD-2024879,2023-04-02,76.8,Beauty,East
CUST-0062,ORD-2023948,2023-04-02,249.62,Electronics,North
CUST-0740,ORD-2023612,2023-04-02,42.97,Home & Living,Central
CUST-0474,ORD-2023654,2023-04-02,114.84,Fashion,West
CUST-0044,ORD-2023956,2023-04-03,245.55,Electronics,West
CUST-0785,ORD-2023420,2023-04-03,162.54,Electronics,South
CUST-0803,ORD-2026409,2023-04-03,80.69,Beauty,North
CUST-0677,ORD-2026493,2023-04-03,142.59,Sports,North
CUST-0373,ORD-2025800,2023-04-03,36.43,Beauty,South
CUST-0165,ORD-2024587,2023-04-03,74.18,Fashion,West
CUST-0551,ORD-2024639,2023-04-03,229.42,Sports,South
CUST-0854,ORD-2023911,2023-04-03,152.72,Fashion,North
CUST-0841,ORD-2023363,2023-04-04,108.61,Fashion,West
CUST-0157,ORD-2025344,2023-04-04,96.76,Fashion,North
CUST-0073,ORD-2024542,2023-04-04,172.23,Sports,South
CUST-0696,ORD-2023759,2023-04-04,58.67,Beauty,North
CUST-0180,ORD-2025070,2023-04-04,109.21,Fashion,Central
CUST-0164,ORD-2023223,2023-04-04,72.48,Beauty,North
CUST-0715,ORD-2024701,2023-04-04,118.19,Sports,East
CUST-0735,ORD-2024722,2023-04-04,223.68,Electronics,Central
CUST-0292,ORD-2026558,2023-04-04,67.79,Groceries,North
CUST-0189,ORD-2025370,2023-04-05,71.1,Groceries,North
CUST-0524,ORD-2023595,2023-04-05,74.23,Home & Living,East
CUST-0530,ORD-2025656,2023-04-05,56.73,Fashion,West
CUST-0485,ORD-2024664,2023-04-05,115.24,Fashion,North
CUST-0077,ORD-2024923,2023-04-05,68.61,Groceries,North
CUST-0085,ORD-2024041,2023-04-05,219.88,Electronics,West
CUST-0368,ORD-2023746,2023-04-06,228.63,Home & Living,North
CUST-0722,ORD-2023867,2023-04-06,66.73,Fashion,East
CUST-0290,ORD-2024973,2023-04-06,111.13,Electronics,West
CUST-0774,ORD-2024173,2023-04-06,88.12,Beauty,North
CUST-0457,ORD-2025056,2023-04-06,72.11,Beauty,South
CUST-0304,ORD-2025082,2023-04-06,123.29,Home & Living,Central
CUST-0298,ORD-2023195,2023-04-06,67.16,Fashion,West
CUST-0017,ORD-2024018,2023-04-07,60.67,Groceries,South
CUST-0041,ORD-2026487,2023-04-07,209.62,Electronics,East
CUST-0425,ORD-2023068,2023-04-07,189.6,Home & Living,Central
CUST-0036,ORD-2024400,2023-04-08,911.46,Electronics,South
CUST-0489,ORD-2023664,2023-04-09,49.81,Groceries,Central
CUST-0528,ORD-2023351,2023-04-09,132.43,Sports,West
CUST-0496,ORD-2024342,2023-04-09,239.47,Sports,North
CUST-0230,ORD-2023231,2023-04-09,262.68,Electronics,North
CUST-0709,ORD-2024605,2023-04-09,99.63,Home & Living,East
CUST-0809,ORD-2024516,2023-04-09,71.51,Sports,East
CUST-0460,ORD-2024705,2023-04-09,181.15,Electronics,Central
CUST-0124,ORD-2025429,2023-04-09,252.55,Sports,West
CUST-0116,ORD-2025984,2023-04-10,39.36,Groceries,West
CUST-0616,ORD-2024592,2023-04-10,92.09,Fashion,East
CUST-0082,ORD-2025666,2023-04-10,47.8,Fashion,North
CUST-0758,ORD-2026285,2023-04-10,65.24,Beauty,West
CUST-0463,ORD-2024485,2023-04-12,48.62,Fashion,Central
CUST-0866,ORD-2025404,2023-04-12,41.03,Groceries,Central
CUST-0660,ORD-2026448,2023-04-12,68.04,Sports,South
CUST-0144,ORD-2026106,2023-04-12,92.43,Fashion,North
CUST-0881,ORD-2024191,2023-04-12,137.16,Electronics,West
CUST-0758,ORD-2023146,2023-04-12,317.37,Home & Living,North
CUST-0139,ORD-2023828,2023-04-13,93.46,Fashion,West
CUST-0661,ORD-2023488,2023-04-13,96.86,Electronics,East
CUST-0598,ORD-2024228,2023-04-13,40.09,Beauty,East
CUST-0642,ORD-2023884,2023-04-13,218.73,Electronics,West
CUST-0900,ORD-2023356,2023-04-13,161.3,Home & Living,South
CUST-0653,ORD-2023234,2023-04-13,221.44,Sports,South
CUST-0134,ORD-2024360,2023-04-13,77.93,Home & Living,South
CUST-0391,ORD-2024376,2023-04-14,318.67,Home & Living,North
CUST-0685,ORD-2023037,2023-04-14,27.13,Beauty,East
CUST-0741,ORD-2026514,2023-04-14,52.04,Groceries,Central
CUST-0126,ORD-2025934,2023-04-14,55.83,Home & Living,Central
CUST-0486,ORD-2024971,2023-04-14,82.16,Fashion,West
CUST-0473,ORD-2025076,2023-04-14,195.78,Electronics,South
CUST-0556,ORD-2024038,2023-04-14,63.58,Groceries,North
CUST-0083,ORD-2024572,2023-04-15,91.75,Beauty,South
CUST-0331,ORD-2025130,2023-04-15,158.94,Home & Living,North
CUST-0491,ORD-2023059,2023-04-15,83.09,Fashion,East
CUST-0269,ORD-2024614,2023-04-15,242.92,Home & Living,North
CUST-0154,ORD-2024827,2023-04-15,118.83,Electronics,Central
CUST-0898,ORD-2025416,2023-04-16,608.75,Electronics,South
CUST-0720,ORD-2024784,2023-04-16,70.35,Home & Living,North
CUST-0068,ORD-2024546,2023-04-16,79.57,Sports,West
CUST-0696,ORD-2023397,2023-04-17,45.74,Groceries,South
CUST-0591,ORD-2023166,2023-04-17,128.18,Home & Living,Central
CUST-0238,ORD-2025790,2023-04-17,53.49,Groceries,East
CUST-0360,ORD-2026378,2023-04-17,211.93,Electronics,North
CUST-0322,ORD-2023069,2023-04-17,53.0,Beauty,South
CUST-0171,ORD-2026405,2023-04-17,150.83,Fashion,North
CUST-0457,ORD-2023835,2023-04-17,29.53,Groceries,Central
CUST-0377,ORD-2023797,2023-04-17,165.95,Fashion,West
CUST-0867,ORD-2024094,2023-04-18,92.49,Sports,South
CUST-0562,ORD-2024704,2023-04-18,60.54,Fashion,Central
CUST-0799,ORD-2023900,2023-04-18,113.92,Fashion,West
CUST-0501,ORD-2024629,2023-04-18,138.15,Fashion,Central
CUST-0712,ORD-2023501,2023-04-18,77.75,Beauty,North
CUST-0316,ORD-2026565,2023-04-18,131.29,Sports,Central
CUST-0715,ORD-2023299,2023-04-18,128.15,Sports,West
CUST-0784,ORD-2024667,2023-04-19,173.08,Electronics,South
CUST-0758,ORD-2023199,2023-04-19,45.29,Fashion,West
CUST-0735,ORD-2025055,2023-04-19,68.44,Beauty,South
CUST-0256,ORD-2026012,2023-04-19,68.71,Fashion,North
CUST-0421,ORD-2024979,2023-04-19,321.25,Electronics,East
CUST-0878,ORD-2024659,2023-04-19,97.45,Home & Living,North
CUST-0023,ORD-2023275,2023-04-19,91.65,Fashion,West
CUST-0432,ORD-2026415,2023-04-20,89.83,Beauty,North
CUST-0536,ORD-2023613,2023-04-20,147.94,Fashion,Central
CUST-0343,ORD-2025269,2023-04-20,84.52,Fashion,Central
CUST-0743,ORD-2023649,2023-04-20,34.03,Groceries,South
CUST-0715,ORD-2023793,2023-04-20,33.18,Groceries,South
CUST-0650,ORD-2024309,2023-04-21,74.7,Beauty,West
CUST-0653,ORD-2026074,2023-04-21,108.53,Sports,North
CUST-0623,ORD-2024982,2023-04-21,319.08,Electronics,East
CUST-0386,ORD-2023987,2023-04-21,35.15,Groceries,East
CUST-0128,ORD-2025123,2023-04-22,197.44,Electronics,West
CUST-0630,ORD-2024596,2023-04-22,33.76,Groceries,West
CUST-0219,ORD-2024019,2023-04-22,85.34,Home & Living,West
CUST-0540,ORD-2024778,2023-04-22,74.21,Fashion,South
CUST-0189,ORD-2023121,2023-04-22,174.0,Electronics,Central
CUST-0137,ORD-2023521,2023-04-22,67.24,Fashion,East
CUST-0302,ORD-2025813,2023-04-22,92.66,Fashion,West
CUST-0640,ORD-2023429,2023-04-22,64.57,Groceries,West
CUST-0684,ORD-2025654,2023-04-23,83.46,Beauty,East
CUST-0390,ORD-2025910,2023-04-23,67.42,Home & Living,South
CUST-0491,ORD-2025471,2023-04-23,121.43,Fashion,West
CUST-0429,ORD-2023560,2023-04-23,230.71,Electronics,North
CUST-0344,ORD-2024793,2023-04-24,97.1,Fashion,North
CUST-0283,ORD-2024764,2023-04-24,147.83,Fashion,South
CUST-0537,ORD-2026088,2023-04-24,152.94,Fashion,Central
CUST-0374,ORD-2023107,2023-04-24,50.62,Fashion,Central
CUST-0606,ORD-2026063,2023-04-24,324.41,Electronics,West
CUST-0691,ORD-2026263,2023-04-25,280.14,Electronics,East
CUST-0124,ORD-2024381,2023-04-25,453.47,Electronics,Central
CUST-0349,ORD-2025060,2023-04-25,127.72,Sports,West
CUST-0198,ORD-2024179,2023-04-25,56.04,Beauty,South
CUST-0628,ORD-2023678,2023-04-25,94.43,Sports,Central
CUST-0428,ORD-2023359,2023-04-25,83.37,Sports,Central
CUST-0139,ORD-2025611,2023-04-25,304.7,Electronics,West
CUST-0041,ORD-2025421,2023-04-25,177.95,Electronics,North
CUST-0770,ORD-2025644,2023-04-26,257.07,Home & Living,West
CUST-0706,ORD-2023986,2023-04-26,149.08,Home & Living,North
CUST-0286,ORD-2026060,2023-04-26,86.14,Fashion,West
CUST-0295,ORD-2023732,2023-04-26,113.13,Sports,North
CUST-0786,ORD-2026413,2023-04-27,135.94,Home & Living,North
CUST-0832,ORD-2024054,2023-04-27,77.39,Beauty,Central
CUST-0881,ORD-2024538,2023-04-27,59.27,Groceries,West
CUST-0088,ORD-2025111,2023-04-27,33.22,Groceries,East
CUST-0859,ORD-2023648,2023-04-28,38.76,Groceries,Central
CUST-0461,ORD-2025038,2023-04-28,115.32,Sports,West
CUST-0846,ORD-2023347,2023-04-28,77.67,Beauty,West
CUST-0089,ORD-2025085,2023-04-28,71.72,Fashion,North
CUST-0758,ORD-2023419,2023-04-28,211.22,Electronics,North
CUST-0884,ORD-2023190,2023-04-28,50.34,Beauty,South
CUST-0266,ORD-2025249,2023-04-28,54.4,Beauty,Central
CUST-0898,ORD-2025448,2023-04-29,66.65,Groceries,East
CUST-0136,ORD-2024057,2023-04-30,433.42,Electronics,South
CUST-0559,ORD-2024562,2023-04-30,212.16,Fashion,South
CUST-0242,ORD-2024655,2023-04-30,462.15,Electronics,West
CUST-0162,ORD-2024184,2023-04-30,200.25,Sports,South
CUST-0121,ORD-2024035,2023-04-30,31.81,Groceries,East
CUST-0347,ORD-2026034,2023-04-30,141.84,Sports,North
CUST-0256,ORD-2025202,2023-05-01,218.94,Sports,South
CUST-0569,ORD-2024953,2023-05-01,68.94,Beauty,West
CUST-0655,ORD-2024650,2023-05-01,125.19,Fashion,North
CUST-0874,ORD-2024777,2023-05-01,133.41,Fashion,North
CUST-0398,ORD-2024215,2023-05-01,41.35,Groceries,South
CUST-0185,ORD-2024806,2023-05-02,53.96,Groceries,South
CUST-0495,ORD-2026446,2023-05-02,97.58,Fashion,West
CUST-0365,ORD-2024212,2023-05-03,132.02,Sports,East
CUST-0683,ORD-2025712,2023-05-03,97.35,Beauty,East
CUST-0032,ORD-2023895,2023-05-03,95.72,Beauty,East
CUST-0867,ORD-2023680,2023-05-03,159.03,Fashion,North
CUST-0486,ORD-2025063,2023-05-04,60.84,Beauty,South
CUST-0242,ORD-2024997,2023-05-04,104.46,Fashion,South
CUST-0689,ORD-2024413,2023-05-04,119.11,Electronics,North
CUST-0834,ORD-2025189,2023-05-04,51.38,Sports,West
CUST-0522,ORD-2026441,2023-05-04,407.82,Electronics,Central
CUST-0577,ORD-2025768,2023-05-04,121.34,Fashion,West
CUST-0019,ORD-2023176,2023-05-04,225.48,Home & Living,North
CUST-0382,ORD-2026579,2023-05-05,43.43,Groceries,East
CUST-0249,ORD-2023830,2023-05-05,43.23,Groceries,South
CUST-0319,ORD-2025641,2023-05-05,47.54,Groceries,Central
CUST-0220,ORD-2023004,2023-05-05,81.26,Fashion,North
CUST-0372,ORD-2025902,2023-05-05,86.94,Beauty,West
CUST-0069,ORD-2025481,2023-05-05,69.55,Fashion,South
CUST-0536,ORD-2023175,2023-05-05,210.01,Fashion,South
CUST-0200,ORD-2023992,2023-05-06,72.32,Beauty,West
CUST-0560,ORD-2026286,2023-05-06,106.29,Electronics,East
CUST-0090,ORD-2023431,2023-05-06,353.69,Electronics,South
CUST-0627,ORD-2025445,2023-05-06,96.57,Fashion,South
CUST-0213,ORD-2024208,2023-05-07,204.94,Electronics,North
CUST-0343,ORD-2023394,2023-05-07,837.89,Electronics,South
CUST-0062,ORD-2024452,2023-05-07,143.21,Sports,East
CUST-0754,ORD-2024674,2023-05-07,55.68,Groceries,West
CUST-0342,ORD-2025289,2023-05-07,37.53,Groceries,North
CUST-0249,ORD-2025516,2023-05-07,127.73,Beauty,West
CUST-0831,ORD-2025908,2023-05-07,248.13,Home & Living,West
CUST-0659,ORD-2023618,2023-05-08,254.62,Electronics,Central
CUST-0874,ORD-2024307,2023-05-08,51.93,Beauty,East
CUST-0258,ORD-2026247,2023-05-08,277.5,Home & Living,East
CUST-0605,ORD-2024505,2023-05-08,36.03,Groceries,Central
CUST-0039,ORD-2024321,2023-05-08,119.11,Fashion,West
CUST-0292,ORD-2024852,2023-05-08,289.59,Electronics,West
CUST-0759,ORD-2023887,2023-05-08,52.67,Groceries,South
CUST-0752,ORD-2023936,2023-05-09,104.49,Electronics,South
CUST-0442,ORD-2024702,2023-05-09,32.51,Groceries,West
CUST-0134,ORD-2023194,2023-05-09,196.8,Home & Living,West
CUST-0451,ORD-2024120,2023-05-10,190.1,Home & Living,North
CUST-0694,ORD-2023294,2023-05-10,52.85,Groceries,West
CUST-0823,ORD-2025975,2023-05-10,41.81,Beauty,East
CUST-0774,ORD-2023723,2023-05-10,106.17,Fashion,West
CUST-0798,ORD-2025053,2023-05-10,61.36,Groceries,East
CUST-0821,ORD-2024549,2023-05-11,271.26,Home & Living,West
CUST-0154,ORD-2026347,2023-05-11,70.54,Fashion,West
CUST-0293,ORD-2026315,2023-05-11,116.03,Electronics,South
CUST-0692,ORD-2024966,2023-05-11,407.45,Electronics,East
CUST-0753,ORD-2026255,2023-05-12,52.89,Fashion,South
CUST-0794,ORD-2023381,2023-05-12,340.78,Electronics,East
CUST-0674,ORD-2024149,2023-05-12,221.85,Electronics,East
CUST-0683,ORD-2023537,2023-05-12,49.27,Beauty,North
CUST-0684,ORD-2023447,2023-05-12,261.11,Electronics,West
CUST-0095,ORD-2024402,2023-05-12,90.19,Fashion,East
CUST-0240,ORD-2023043,2023-05-13,26.81,Fashion,South
CUST-0025,ORD-2023960,2023-05-13,277.65,Home & Living,Central
CUST-0452,ORD-2024474,2023-05-14,145.03,Fashion,North
CUST-0181,ORD-2024077,2023-05-14,69.18,Groceries,North
CUST-0799,ORD-2025802,2023-05-14,111.14,Sports,South
CUST-0640,ORD-2024922,2023-05-14,337.78,Electronics,East
CUST-0001,ORD-2024025,2023-05-15,143.12,Fashion,West
CUST-0697,ORD-2024494,2023-05-15,112.3,Sports,East
CUST-0501,ORD-2023410,2023-05-15,104.91,Beauty,Central
CUST-0612,ORD-2024059,2023-05-15,110.42,Sports,Central
CUST-0867,ORD-2026426,2023-05-15,148.88,Sports,Central
CUST-0481,ORD-2023933,2023-05-15,549.64,Electronics,West
CUST-0185,ORD-2025420,2023-05-15,198.72,Home & Living,North
CUST-0414,ORD-2023782,2023-05-15,182.59,Home & Living,North
CUST-0403,ORD-2023977,2023-05-15,260.71,Home & Living,West
CUST-0083,ORD-2026532,2023-05-16,129.8,Fashion,North
CUST-0268,ORD-2024894,2023-05-16,39.15,Fashion,East
CUST-0495,ORD-2025594,2023-05-16,148.23,Home & Living,South
CUST-0088,ORD-2024838,2023-05-16,64.97,Groceries,Central
CUST-0390,ORD-2025003,2023-05-16,323.3,Sports,South
CUST-0196,ORD-2026100,2023-05-16,287.83,Sports,West
CUST-0644,ORD-2024065,2023-05-16,46.28,Fashion,South
CUST-0069,ORD-2025401,2023-05-16,95.33,Sports,North
CUST-0329,ORD-2023668,2023-05-17,47.56,Beauty,East
CUST-0019,ORD-2026332,2023-05-17,64.66,Beauty,North
CUST-0645,ORD-2024123,2023-05-18,291.6,Sports,West
CUST-0299,ORD-2025871,2023-05-18,106.71,Fashion,South
CUST-0140,ORD-2024673,2023-05-18,122.7,Home & Living,West
CUST-0226,ORD-2024448,2023-05-19,94.81,Beauty,North
CUST-0237,ORD-2024264,2023-05-19,66.9,Beauty,Central
CUST-0074,ORD-2025120,2023-05-19,172.48,Electronics,East
CUST-0710,ORD-2025414,2023-05-19,122.49,Beauty,West
CUST-0321,ORD-2023538,2023-05-20,72.89,Groceries,Central
CUST-0683,ORD-2023418,2023-05-20,249.85,Electronics,North
CUST-0165,ORD-2026085,2023-05-20,152.88,Fashion,West
CUST-0016,ORD-2025548,2023-05-20,107.28,Fashion,South
CUST-0230,ORD-2025081,2023-05-20,30.13,Groceries,Central
CUST-0013,ORD-2023679,2023-05-20,159.78,Fashion,North
CUST-0456,ORD-2026254,2023-05-20,160.61,Electronics,West
CUST-0044,ORD-2026150,2023-05-21,80.54,Beauty,East
CUST-0523,ORD-2023333,2023-05-21,154.03,Sports,West
CUST-0525,ORD-2025209,2023-05-21,71.38,Groceries,South
CUST-0662,ORD-2023112,2023-05-21,75.3,Beauty,West
CUST-0520,ORD-2023476,2023-05-22,52.28,Groceries,East
CUST-0474,ORD-2023281,2023-05-22,67.33,Groceries,West
CUST-0163,ORD-2024300,2023-05-22,100.07,Home & Living,East
CUST-0177,ORD-2023276,2023-05-22,64.07,Fashion,West
CUST-0521,ORD-2026489,2023-05-22,118.56,Sports,East
CUST-0447,ORD-2023862,2023-05-23,99.98,Home & Living,East
CUST-0568,ORD-2025455,2023-05-23,350.76,Fashion,South
CUST-0893,ORD-2023796,2023-05-23,34.04,Groceries,South
CUST-0016,ORD-2026351,2023-05-23,136.27,Home & Living,West
CUST-0042,ORD-2024279,2023-05-23,227.57,Sports,North
CUST-0773,ORD-2026102,2023-05-23,65.03,Beauty,Central
CUST-0176,ORD-2023434,2023-05-24,36.75,Groceries,Central
CUST-0466,ORD-2025039,2023-05-24,630.05,Electronics,South
CUST-0147,ORD-2024266,2023-05-24,149.41,Fashion,West
CUST-0107,ORD-2025018,2023-05-24,33.36,Fashion,Central
CUST-0779,ORD-2024333,2023-05-24,134.54,Sports,West
CUST-0739,ORD-2024622,2023-05-25,77.57,Fashion,East
CUST-0039,ORD-2024588,2023-05-25,739.05,Electronics,West
CUST-0292,ORD-2024511,2023-05-25,94.02,Home & Living,East
CUST-0256,ORD-2026161,2023-05-25,101.71,Beauty,North
CUST-0316,ORD-2023943,2023-05-26,259.71,Electronics,North
CUST-0821,ORD-2024221,2023-05-26,448.37,Electronics,North
CUST-0382,ORD-2023480,2023-05-26,66.97,Fashion,Central
CUST-0883,ORD-2025136,2023-05-26,113.52,Fashion,South
CUST-0698,ORD-2023078,2023-05-26,179.65,Home & Living,South
CUST-0494,ORD-2025452,2023-05-26,92.77,Beauty,East
CUST-0305,ORD-2024901,2023-05-26,118.67,Fashion,Central
CUST-0715,ORD-2023021,2023-05-26,164.6,Electronics,North
CUST-0229,ORD-2023005,2023-05-27,553.08,Electronics,West
CUST-0845,ORD-2026230,2023-05-27,89.77,Fashion,West
CUST-0757,ORD-2023806,2023-05-27,39.94,Groceries,North
CUST-0407,ORD-2023748,2023-05-27,239.6,Home & Living,West
CUST-0866,ORD-2026416,2023-05-27,159.78,Home & Living,West
CUST-0734,ORD-2024870,2023-05-27,149.81,Sports,South
CUST-0343,ORD-2024721,2023-05-27,165.93,Electronics,South
CUST-0143,ORD-2025113,2023-05-28,70.96,Beauty,Central
CUST-0402,ORD-2024898,2023-05-28,44.59,Groceries,South
CUST-0345,ORD-2026066,2023-05-28,60.69,Beauty,South
CUST-0291,ORD-2024582,2023-05-28,455.74,Electronics,Central
CUST-0203,ORD-2023627,2023-05-28,893.26,Electronics,North
CUST-0824,ORD-2025432,2023-05-28,64.55,Fashion,Central
CUST-0660,ORD-2026159,2023-05-28,204.87,Electronics,Central
CUST-0364,ORD-2023028,2023-05-29,204.1,Fashion,North
CUST-0305,ORD-2026217,2023-05-29,84.93,Fashion,North
CUST-0493,ORD-2026270,2023-05-29,59.98,Home & Living,South
CUST-0534,ORD-2026174,2023-05-29,96.22,Home & Living,Central
CUST-0290,ORD-2024757,2023-05-29,209.7,Sports,East
CUST-0895,ORD-2026240,2023-05-30,138.24,Sports,West
CUST-0623,ORD-2025410,2023-05-30,85.02,Sports,Central
CUST-0009,ORD-2023539,2023-05-30,39.19,Groceries,West
CUST-0327,ORD-2023514,2023-05-30,70.61,Beauty,North
CUST-0382,ORD-2025960,2023-05-30,276.1,Electronics,South
CUST-0858,ORD-2023446,2023-05-30,55.06,Groceries,West
CUST-0845,ORD-2023012,2023-05-30,126.23,Sports,South
CUST-0396,ORD-2023731,2023-05-30,123.85,Sports,West
CUST-0704,ORD-2024601,2023-05-30,97.21,Fashion,South
CUST-0680,ORD-2023412,2023-05-30,38.55,Groceries,North
CUST-0682,ORD-2026258,2023-05-31,179.98,Sports,North
CUST-0204,ORD-2025615,2023-05-31,51.83,Groceries,West
CUST-0034,ORD-2024015,2023-05-31,46.96,Groceries,North
CUST-0753,ORD-2026318,2023-05-31,63.79,Beauty,North
CUST-0789,ORD-2023522,2023-05-31,330.03,Sports,North
CUST-0460,ORD-2023177,2023-05-31,162.36,Electronics,West
CUST-0239,ORD-2025815,2023-05-31,101.79,Fashion,North
CUST-0023,ORD-2024445,2023-05-31,43.2,Groceries,West
CUST-0058,ORD-2024303,2023-05-31,42.42,Groceries,West
CUST-0505,ORD-2023321,2023-06-01,106.24,Electronics,North
CUST-0088,ORD-2024163,2023-06-01,67.26,Groceries,North
CUST-0834,ORD-2024574,2023-06-01,53.61,Beauty,Central
CUST-0331,ORD-2025579,2023-06-01,113.28,Fashion,North
CUST-0740,ORD-2025387,2023-06-02,103.69,Fashion,South
CUST-0503,ORD-2024625,2023-06-02,49.61,Groceries,East
CUST-0128,ORD-2024370,2023-06-02,49.68,Beauty,West
CUST-0616,ORD-2023967,2023-06-02,243.19,Home & Living,South
CUST-0701,ORD-2026531,2023-06-02,98.4,Sports,South
CUST-0599,ORD-2025037,2023-06-02,42.48,Groceries,South
CUST-0090,ORD-2025142,2023-06-03,57.84,Fashion,North
CUST-0488,ORD-2025054,2023-06-03,77.73,Beauty,East
CUST-0315,ORD-2023072,2023-06-03,87.67,Fashion,South
CUST-0611,ORD-2024491,2023-06-04,156.59,Sports,Central
CUST-0824,ORD-2025214,2023-06-04,149.45,Beauty,North
CUST-0336,ORD-2025184,2023-06-04,53.06,Beauty,West
CUST-0042,ORD-2024405,2023-06-05,199.95,Electronics,West
CUST-0473,ORD-2026090,2023-06-05,213.83,Fashion,South
CUST-0490,ORD-2024139,2023-06-06,114.64,Sports,East
CUST-0731,ORD-2026573,2023-06-06,45.21,Groceries,South
CUST-0340,ORD-2025592,2023-06-06,128.22,Sports,East
CUST-0491,ORD-2023102,2023-06-06,49.89,Fashion,East
CUST-0687,ORD-2026440,2023-06-06,104.61,Fashion,West
CUST-0241,ORD-2023303,2023-06-07,166.55,Home & Living,West
CUST-0466,ORD-2024548,2023-06-07,61.79,Beauty,Central
CUST-0369,ORD-2026541,2023-06-07,46.44,Groceries,West
CUST-0244,ORD-2024963,2023-06-07,49.27,Groceries,South
CUST-0757,ORD-2025480,2023-06-07,52.49,Beauty,North
CUST-0323,ORD-2023890,2023-06-07,112.4,Fashion,South
CUST-0177,ORD-2023588,2023-06-07,278.75,Sports,Central
CUST-0593,ORD-2024122,2023-06-08,179.39,Home & Living,North
CUST-0577,ORD-2024866,2023-06-08,155.31,Electronics,East
CUST-0520,ORD-2025128,2023-06-08,197.1,Electronics,West
CUST-0846,ORD-2023653,2023-06-08,421.41,Electronics,Central
CUST-0887,ORD-2023134,2023-06-08,118.67,Home & Living,West
CUST-0357,ORD-2026155,2023-06-09,503.18,Electronics,North
CUST-0204,ORD-2025736,2023-06-09,107.9,Beauty,West
CUST-0138,ORD-2023671,2023-06-09,115.68,Fashion,West
CUST-0034,ORD-2025079,2023-06-10,203.89,Electronics,Central
CUST-0336,ORD-2023398,2023-06-10,97.48,Electronics,West
CUST-0603,ORD-2026483,2023-06-10,181.98,Electronics,East
CUST-0891,ORD-2026306,2023-06-10,122.31,Beauty,North
CUST-0664,ORD-2026580,2023-06-10,228.33,Home & Living,North
CUST-0585,ORD-2024340,2023-06-10,59.94,Beauty,West
CUST-0397,ORD-2025919,2023-06-10,94.33,Home & Living,South
CUST-0741,ORD-2023576,2023-06-10,168.98,Fashion,West
CUST-0499,ORD-2025671,2023-06-11,116.99,Fashion,North
CUST-0846,ORD-2024457,2023-06-11,72.49,Beauty,West
CUST-0398,ORD-2023306,2023-06-11,417.14,Electronics,South
CUST-0829,ORD-2024388,2023-06-11,84.18,Sports,Central
CUST-0874,ORD-2024239,2023-06-11,88.93,Sports,South
CUST-0417,ORD-2024240,2023-06-11,242.76,Home & Living,North
CUST-0859,ORD-2023379,2023-06-12,89.8,Beauty,East
CUST-0488,ORD-2023024,2023-06-12,61.57,Beauty,North
CUST-0679,ORD-2024899,2023-06-12,84.32,Beauty,West
CUST-0565,ORD-2023600,2023-06-12,93.61,Electronics,Central
CUST-0448,ORD-2025907,2023-06-12,60.83,Groceries,North
CUST-0774,ORD-2023011,2023-06-12,113.8,Sports,West
CUST-0599,ORD-2024914,2023-06-13,62.35,Groceries,West
CUST-0008,ORD-2026111,2023-06-13,70.35,Fashion,North
CUST-0817,ORD-2026500,2023-06-13,66.57,Home & Living,Central
CUST-0892,ORD-2024858,2023-06-13,171.91,Home & Living,West
CUST-0556,ORD-2023706,2023-06-13,56.46,Beauty,Central
CUST-0083,ORD-2024739,2023-06-13,447.65,Home & Living,Central
CUST-0378,ORD-2025606,2023-06-14,96.24,Beauty,West
CUST-0531,ORD-2024493,2023-06-14,120.91,Sports,South
CUST-0873,ORD-2024217,2023-06-14,81.51,Fashion,Central
CUST-0210,ORD-2025629,2023-06-15,51.83,Beauty,Central
CUST-0403,ORD-2025304,2023-06-15,73.22,Fashion,North
CUST-0793,ORD-2023840,2023-06-15,108.44,Electronics,East
CUST-0732,ORD-2026588,2023-06-16,87.99,Fashion,South
CUST-0190,ORD-2024031,2023-06-16,72.37,Groceries,West
CUST-0105,ORD-2026032,2023-06-16,71.35,Groceries,West
CUST-0427,ORD-2026041,2023-06-16,133.75,Home & Living,South
CUST-0738,ORD-2025605,2023-06-16,48.59,Groceries,Central
CUST-0214,ORD-2023084,2023-06-16,84.0,Fashion,South
CUST-0155,ORD-2024287,2023-06-16,144.9,Fashion,Central
CUST-0834,ORD-2024187,2023-06-17,130.61,Sports,North
CUST-0636,ORD-2023406,2023-06-18,54.15,Beauty,Central
CUST-0391,ORD-2024981,2023-06-18,213.13,Home & Living,Central
CUST-0268,ORD-2024138,2023-06-18,200.62,Home & Living,South
CUST-0455,ORD-2023115,2023-06-18,29.56,Groceries,South
CUST-0728,ORD-2023998,2023-06-18,362.99,Home & Living,West
CUST-0403,ORD-2024768,2023-06-18,262.61,Home & Living,North
CUST-0062,ORD-2025353,2023-06-19,55.89,Fashion,South
CUST-0559,ORD-2023721,2023-06-19,40.51,Groceries,North
CUST-0646,ORD-2025252,2023-06-19,108.36,Fashion,South
CUST-0462,ORD-2024699,2023-06-19,51.29,Beauty,North
CUST-0220,ORD-2025700,2023-06-19,114.42,Beauty,West
CUST-0142,ORD-2023049,2023-06-20,70.14,Beauty,West
CUST-0836,ORD-2023131,2023-06-20,36.32,Groceries,Central
CUST-0640,ORD-2026138,2023-06-20,33.02,Groceries,North
CUST-0461,ORD-2025956,2023-06-20,125.56,Beauty,Central
CUST-0054,ORD-2023205,2023-06-20,114.71,Sports,East
CUST-0841,ORD-2026353,2023-06-20,117.98,Sports,North
CUST-0452,ORD-2023686,2023-06-21,112.8,Fashion,East
CUST-0898,ORD-2024049,2023-06-21,39.8,Groceries,West
CUST-0813,ORD-2023370,2023-06-21,155.71,Fashion,West
CUST-0380,ORD-2024521,2023-06-21,272.12,Electronics,West
CUST-0773,ORD-2026086,2023-06-21,36.72,Fashion,South
CUST-0876,ORD-2023692,2023-06-21,145.86,Sports,West
CUST-0802,ORD-2026510,2023-06-21,49.24,Fashion,South
CUST-0686,ORD-2025828,2023-06-21,105.52,Fashion,East
CUST-0330,ORD-2026112,2023-06-21,46.61,Groceries,East
CUST-0392,ORD-2024515,2023-06-21,253.41,Home & Living,Central
CUST-0884,ORD-2026195,2023-06-21,207.1,Beauty,South
CUST-0396,ORD-2023616,2023-06-22,54.71,Groceries,South
CUST-0553,ORD-2023105,2023-06-22,238.22,Electronics,South
CUST-0066,ORD-2023467,2023-06-22,302.75,Electronics,West
CUST-0714,ORD-2025267,2023-06-22,45.94,Groceries,South
CUST-0098,ORD-2025332,2023-06-22,64.05,Beauty,North
CUST-0187,ORD-2025914,2023-06-22,90.27,Fashion,East
CUST-0510,ORD-2024169,2023-06-22,226.47,Home & Living,West
CUST-0325,ORD-2024074,2023-06-22,88.95,Home & Living,North
CUST-0849,ORD-2024916,2023-06-22,70.94,Fashion,East
CUST-0157,ORD-2026226,2023-06-22,197.55,Electronics,North
CUST-0896,ORD-2025135,2023-06-23,163.11,Home & Living,South
CUST-0323,ORD-2023236,2023-06-23,115.12,Home & Living,South
CUST-0468,ORD-2026179,2023-06-23,116.76,Beauty,North
CUST-0781,ORD-2025630,2023-06-24,312.89,Electronics,Central
CUST-0582,ORD-2023076,2023-06-24,61.71,Fashion,North
CUST-0265,ORD-2025757,2023-06-24,26.04,Groceries,East
CUST-0596,ORD-2024259,2023-06-25,53.86,Beauty,Central
CUST-0779,ORD-2025756,2023-06-25,291.07,Home & Living,Central
CUST-0657,ORD-2023597,2023-06-25,270.53,Home & Living,West
CUST-0475,ORD-2024423,2023-06-26,100.89,Fashion,East
CUST-0653,ORD-2026316,2023-06-26,239.55,Electronics,Central
CUST-0405,ORD-2025808,2023-06-26,49.25,Groceries,West
CUST-0106,ORD-2025895,2023-06-26,273.41,Electronics,East
CUST-0613,ORD-2025699,2023-06-26,31.39,Groceries,East
CUST-0552,ORD-2023417,2023-06-26,92.8,Fashion,North
CUST-0544,ORD-2026028,2023-06-26,38.07,Groceries,South
CUST-0504,ORD-2023803,2023-06-27,160.45,Electronics,West
CUST-0299,ORD-2023272,2023-06-27,25.32,Beauty,East
CUST-0671,ORD-2023110,2023-06-27,40.74,Groceries,East
CUST-0059,ORD-2023404,2023-06-27,115.36,Home & Living,East
CUST-0751,ORD-2023493,2023-06-27,87.35,Beauty,West
CUST-0549,ORD-2025089,2023-06-27,41.44,Groceries,North
CUST-0887,ORD-2023839,2023-06-27,34.7,Groceries,Central
CUST-0498,ORD-2024529,2023-06-28,107.74,Sports,East
CUST-0782,ORD-2025683,2023-06-28,294.2,Electronics,West
CUST-0251,ORD-2023157,2023-06-28,111.91,Sports,South
CUST-0682,ORD-2023749,2023-06-28,103.17,Fashion,West
CUST-0640,ORD-2025048,2023-06-29,178.82,Fashion,West
CUST-0230,ORD-2025391,2023-06-29,107.71,Fashion,North
CUST-0678,ORD-2024631,2023-06-29,104.87,Sports,East
CUST-0537,ORD-2026502,2023-06-29,39.1,Beauty,North
CUST-0704,ORD-2024199,2023-06-30,146.38,Home & Living,South
CUST-0528,ORD-2023399,2023-06-30,66.63,Fashion,West
CUST-0528,ORD-2023991,2023-07-01,194.89,Electronics,East
CUST-0411,ORD-2024192,2023-07-01,187.99,Electronics,North
CUST-0436,ORD-2025689,2023-07-01,48.61,Fashion,South
CUST-0271,ORD-2024465,2023-07-01,83.96,Beauty,Central
CUST-0861,ORD-2023096,2023-07-01,65.89,Fashion,South
CUST-0017,ORD-2025281,2023-07-01,113.49,Fashion,North
CUST-0511,ORD-2023238,2023-07-02,192.74,Home & Living,West
CUST-0801,ORD-2025735,2023-07-02,68.96,Sports,North
CUST-0882,ORD-2026538,2023-07-02,238.38,Electronics,West
CUST-0805,ORD-2025268,2023-07-02,348.06,Electronics,East
CUST-0624,ORD-2025244,2023-07-02,157.47,Electronics,West
CUST-0325,ORD-2026082,2023-07-03,249.34,Electronics,East
CUST-0640,ORD-2025969,2023-07-03,36.42,Groceries,North
CUST-0396,ORD-2023192,2023-07-03,36.09,Beauty,East
CUST-0830,ORD-2026064,2023-07-04,132.06,Home & Living,North
CUST-0392,ORD-2025127,2023-07-04,43.28,Groceries,North
CUST-0640,ORD-2024680,2023-07-05,108.91,Fashion,South
CUST-0006,ORD-2026136,2023-07-05,140.13,Home & Living,West
CUST-0122,ORD-2024640,2023-07-05,112.07,Beauty,West
CUST-0845,ORD-2024954,2023-07-05,51.32,Beauty,South
CUST-0860,ORD-2026572,2023-07-05,117.69,Sports,East
CUST-0644,ORD-2025284,2023-07-05,225.83,Electronics,East
CUST-0074,ORD-2023111,2023-07-05,77.19,Fashion,South
CUST-0832,ORD-2024347,2023-07-06,67.8,Beauty,North
CUST-0136,ORD-2024048,2023-07-07,83.93,Beauty,Central
CUST-0058,ORD-2024283,2023-07-07,68.1,Beauty,Central
CUST-0826,ORD-2025254,2023-07-07,105.7,Fashion,North
CUST-0611,ORD-2025730,2023-07-08,124.06,Fashion,West
CUST-0068,ORD-2023572,2023-07-08,223.69,Electronics,South
CUST-0851,ORD-2023123,2023-07-08,94.27,Beauty,East
CUST-0896,ORD-2025638,2023-07-08,94.09,Fashion,North
CUST-0412,ORD-2023656,2023-07-08,102.22,Electronics,West
CUST-0151,ORD-2025854,2023-07-08,205.8,Fashion,South
CUST-0054,ORD-2024790,2023-07-08,86.0,Home & Living,North
CUST-0826,ORD-2024099,2023-07-09,72.37,Electronics,South
CUST-0553,ORD-2023816,2023-07-09,134.48,Home & Living,North
CUST-0023,ORD-2024453,2023-07-09,131.64,Sports,North
CUST-0020,ORD-2024938,2023-07-09,121.61,Fashion,East
CUST-0209,ORD-2024810,2023-07-09,46.78,Home & Living,East
CUST-0684,ORD-2026421,2023-07-09,67.8,Fashion,West
CUST-0062,ORD-2024353,2023-07-10,52.83,Groceries,West
CUST-0739,ORD-2023719,2023-07-10,96.03,Home & Living,East
CUST-0001,ORD-2024598,2023-07-10,130.76,Fashion,West
CUST-0568,ORD-2024967,2023-07-10,160.43,Fashion,Central
CUST-0193,ORD-2025887,2023-07-10,222.81,Home & Living,East
CUST-0695,ORD-2025645,2023-07-10,25.58,Groceries,West
CUST-0267,ORD-2023290,2023-07-10,50.5,Beauty,West
CUST-0265,ORD-2024685,2023-07-11,91.63,Electronics,South
CUST-0428,ORD-2025329,2023-07-11,62.39,Fashion,East
CUST-0189,ORD-2026526,2023-07-11,227.78,Home & Living,North
CUST-0568,ORD-2025277,2023-07-11,115.13,Home & Living,Central
CUST-0482,ORD-2023589,2023-07-11,70.87,Groceries,North
CUST-0898,ORD-2024741,2023-07-11,30.08,Groceries,East
CUST-0751,ORD-2024769,2023-07-12,180.6,Electronics,East
CUST-0501,ORD-2024576,2023-07-12,188.97,Electronics,North
CUST-0494,ORD-2026550,2023-07-12,173.21,Electronics,North
CUST-0659,ORD-2026492,2023-07-12,354.14,Electronics,Central
CUST-0691,ORD-2025260,2023-07-12,94.79,Fashion,North
CUST-0900,ORD-2026035,2023-07-13,177.72,Sports,West
CUST-0586,ORD-2023425,2023-07-13,148.81,Fashion,West
CUST-0824,ORD-2023402,2023-07-13,61.68,Beauty,North
CUST-0643,ORD-2024657,2023-07-13,140.99,Beauty,East
CUST-0669,ORD-2024462,2023-07-13,59.23,Fashion,North
CUST-0433,ORD-2025936,2023-07-13,67.84,Beauty,Central
CUST-0090,ORD-2023292,2023-07-13,95.05,Fashion,South
CUST-0470,ORD-2023605,2023-07-13,44.01,Groceries,South
CUST-0403,ORD-2024260,2023-07-13,91.5,Beauty,West
CUST-0794,ORD-2025094,2023-07-13,389.1,Electronics,North
CUST-0365,ORD-2024619,2023-07-14,121.0,Home & Living,West
CUST-0139,ORD-2023319,2023-07-14,103.53,Home & Living,Central
CUST-0373,ORD-2024779,2023-07-14,99.36,Fashion,West
CUST-0248,ORD-2024995,2023-07-14,143.59,Home & Living,South
CUST-0683,ORD-2023585,2023-07-15,76.61,Home & Living,South
CUST-0455,ORD-2026392,2023-07-15,133.53,Sports,West
CUST-0789,ORD-2026119,2023-07-15,270.07,Home & Living,East
CUST-0264,ORD-2026305,2023-07-15,85.08,Fashion,Central
CUST-0813,ORD-2023240,2023-07-15,241.97,Sports,North
CUST-0093,ORD-2024278,2023-07-15,40.88,Groceries,East
CUST-0426,ORD-2023508,2023-07-15,94.37,Home & Living,North
CUST-0899,ORD-2023001,2023-07-15,296.59,Home & Living,Central
CUST-0284,ORD-2025655,2023-07-15,62.44,Beauty,West
CUST-0109,ORD-2025660,2023-07-15,87.56,Electronics,Central
CUST-0343,ORD-2023271,2023-07-16,48.43,Groceries,East
CUST-0890,ORD-2023504,2023-07-16,53.6,Beauty,East
CUST-0382,ORD-2024828,2023-07-16,159.45,Electronics,West
CUST-0276,ORD-2023282,2023-07-16,48.02,Beauty,East
CUST-0137,ORD-2025397,2023-07-16,57.28,Groceries,Central
CUST-0768,ORD-2024063,2023-07-17,81.76,Beauty,East
CUST-0418,ORD-2023235,2023-07-17,56.4,Groceries,North
CUST-0698,ORD-2025845,2023-07-17,81.55,Fashion,Central
CUST-0635,ORD-2023580,2023-07-17,51.17,Groceries,West
CUST-0056,ORD-2025122,2023-07-17,60.03,Groceries,East
CUST-0883,ORD-2025692,2023-07-17,107.82,Fashion,South
CUST-0810,ORD-2023812,2023-07-17,259.55,Electronics,North
CUST-0305,ORD-2024392,2023-07-17,109.38,Fashion,Central
CUST-0068,ORD-2023485,2023-07-17,74.01,Groceries,North
CUST-0177,ORD-2024530,2023-07-18,41.32,Fashion,East
CUST-0084,ORD-2023361,2023-07-18,104.63,Sports,East
CUST-0162,ORD-2024709,2023-07-18,112.18,Sports,West
CUST-0649,ORD-2025447,2023-07-18,73.95,Beauty,East
CUST-0595,ORD-2025993,2023-07-19,89.8,Beauty,South
CUST-0796,ORD-2025986,2023-07-19,101.45,Sports,North
CUST-0784,ORD-2025931,2023-07-19,196.99,Fashion,South
CUST-0148,ORD-2024519,2023-07-19,30.31,Groceries,South
CUST-0327,ORD-2025685,2023-07-20,50.76,Fashion,West
CUST-0165,ORD-2023033,2023-07-20,164.64,Electronics,West
CUST-0585,ORD-2025217,2023-07-20,219.88,Electronics,South
CUST-0064,ORD-2025904,2023-07-20,51.7,Groceries,West
CUST-0470,ORD-2023563,2023-07-21,61.37,Groceries,North
CUST-0668,ORD-2024855,2023-07-21,89.77,Fashion,Central
CUST-0322,ORD-2024816,2023-07-21,29.39,Groceries,East
CUST-0189,ORD-2026278,2023-07-21,91.49,Fashion,West
CUST-0657,ORD-2024280,2023-07-21,443.65,Electronics,North
CUST-0424,ORD-2024168,2023-07-22,121.71,Electronics,West
CUST-0334,ORD-2023477,2023-07-22,112.86,Fashion,West
CUST-0721,ORD-2023248,2023-07-22,157.24,Electronics,South
CUST-0841,ORD-2023335,2023-07-22,96.49,Home & Living,North
CUST-0627,ORD-2025783,2023-07-22,175.59,Home & Living,Central
CUST-0530,ORD-2025443,2023-07-22,551.02,Electronics,Central
CUST-0241,ORD-2026214,2023-07-23,110.83,Beauty,North
CUST-0292,ORD-2025744,2023-07-23,319.59,Home & Living,North
CUST-0683,ORD-2024791,2023-07-23,41.66,Groceries,Central
CUST-0188,ORD-2026299,2023-07-23,49.64,Groceries,West
CUST-0178,ORD-2026495,2023-07-24,340.67,Electronics,South
CUST-0558,ORD-2024612,2023-07-24,203.7,Sports,South
CUST-0382,ORD-2025278,2023-07-25,105.3,Fashion,South
CUST-0216,ORD-2023857,2023-07-25,72.7,Groceries,West
CUST-0837,ORD-2023801,2023-07-25,70.29,Groceries,North
CUST-0139,ORD-2024851,2023-07-25,206.56,Home & Living,North
CUST-0621,ORD-2025935,2023-07-25,182.26,Home & Living,West
CUST-0529,ORD-2024073,2023-07-26,57.57,Electronics,Central
CUST-0078,ORD-2024406,2023-07-26,116.0,Fashion,Central
CUST-0089,ORD-2026445,2023-07-27,355.54,Electronics,North
CUST-0007,ORD-2023529,2023-07-27,128.69,Fashion,West
CUST-0880,ORD-2024710,2023-07-27,37.68,Groceries,West
CUST-0506,ORD-2024956,2023-07-27,168.83,Sports,East
CUST-0685,ORD-2024000,2023-07-28,41.87,Beauty,West
CUST-0464,ORD-2023515,2023-07-28,106.3,Sports,West
CUST-0278,ORD-2026188,2023-07-28,562.48,Electronics,East
CUST-0174,ORD-2026160,2023-07-28,391.18,Electronics,East
CUST-0188,ORD-2024021,2023-07-28,141.86,Electronics,West
CUST-0449,ORD-2026324,2023-07-29,44.91,Groceries,West
CUST-0494,ORD-2024620,2023-07-29,78.38,Sports,Central
CUST-0765,ORD-2025201,2023-07-30,86.32,Sports,North
CUST-0454,ORD-2025280,2023-07-30,30.47,Groceries,North
CUST-0789,ORD-2023358,2023-07-30,83.86,Beauty,South
CUST-0653,ORD-2024642,2023-07-30,182.81,Home & Living,East
CUST-0403,ORD-2023367,2023-07-30,43.09,Groceries,North
CUST-0015,ORD-2025482,2023-07-31,68.23,Fashion,East
CUST-0289,ORD-2023517,2023-07-31,141.68,Electronics,West
CUST-0124,ORD-2025884,2023-07-31,68.68,Home & Living,South
CUST-0107,ORD-2025822,2023-07-31,158.86,Home & Living,West
CUST-0134,ORD-2024036,2023-07-31,100.05,Fashion,West
CUST-0248,ORD-2025408,2023-07-31,256.9,Electronics,West
CUST-0618,ORD-2023228,2023-07-31,282.94,Electronics,East
CUST-0723,ORD-2023079,2023-08-01,68.62,Fashion,East
CUST-0709,ORD-2024820,2023-08-01,98.31,Sports,Central
CUST-0153,ORD-2023870,2023-08-01,66.22,Beauty,North
CUST-0662,ORD-2025951,2023-08-01,36.55,Groceries,South
CUST-0709,ORD-2025727,2023-08-02,184.43,Sports,East
CUST-0129,ORD-2023329,2023-08-03,44.81,Groceries,Central
CUST-0415,ORD-2026122,2023-08-03,402.59,Electronics,East
CUST-0237,ORD-2023311,2023-08-03,161.08,Home & Living,South
CUST-0450,ORD-2023626,2023-08-03,110.33,Fashion,East
CUST-0069,ORD-2025870,2023-08-03,39.48,Groceries,North
CUST-0619,ORD-2024918,2023-08-03,268.45,Home & Living,Central
CUST-0025,ORD-2025220,2023-08-03,130.69,Home & Living,North
CUST-0631,ORD-2023133,2023-08-04,110.9,Fashion,West
CUST-0475,ORD-2025635,2023-08-04,640.6,Electronics,West
CUST-0292,ORD-2024252,2023-08-04,158.85,Electronics,East
CUST-0285,ORD-2024583,2023-08-04,56.28,Sports,Central
CUST-0709,ORD-2024358,2023-08-05,123.91,Fashion,North
CUST-0262,ORD-2023067,2023-08-05,63.28,Fashion,Central
CUST-0465,ORD-2025526,2023-08-05,38.07,Fashion,East
CUST-0646,ORD-2024258,2023-08-05,157.36,Fashion,East
CUST-0325,ORD-2024323,2023-08-05,77.87,Home & Living,South
CUST-0177,ORD-2025996,2023-08-05,39.28,Groceries,East
CUST-0371,ORD-2023304,2023-08-05,102.83,Fashion,West
CUST-0231,ORD-2023207,2023-08-06,285.64,Electronics,North
CUST-0546,ORD-2025874,2023-08-06,99.74,Sports,West
CUST-0588,ORD-2024942,2023-08-06,64.73,Fashion,South
CUST-0027,ORD-2024787,2023-08-06,68.59,Fashion,West
CUST-0897,ORD-2025270,2023-08-06,44.16,Groceries,North
CUST-0674,ORD-2024724,2023-08-06,56.22,Groceries,West
CUST-0495,ORD-2023038,2023-08-07,94.79,Fashion,North
CUST-0865,ORD-2023969,2023-08-07,244.56,Sports,Central
CUST-0641,ORD-2024181,2023-08-07,162.2,Fashion,South
CUST-0708,ORD-2024911,2023-08-07,210.7,Electronics,North
CUST-0141,ORD-2024684,2023-08-07,178.79,Sports,West
CUST-0826,ORD-2024523,2023-08-07,128.39,Fashion,East
CUST-0586,ORD-2024374,2023-08-07,48.86,Beauty,East
CUST-0602,ORD-2023794,2023-08-07,70.31,Beauty,South
CUST-0812,ORD-2024386,2023-08-07,112.69,Sports,South
CUST-0190,ORD-2026042,2023-08-07,362.21,Electronics,South
CUST-0603,ORD-2023754,2023-08-08,197.34,Electronics,East
CUST-0095,ORD-2023603,2023-08-08,54.3,Beauty,North
CUST-0499,ORD-2025248,2023-08-08,101.73,Home & Living,Central
CUST-0081,ORD-2023776,2023-08-08,45.54,Groceries,West
CUST-0536,ORD-2024417,2023-08-08,107.63,Home & Living,East
CUST-0268,ORD-2024798,2023-08-09,58.79,Groceries,West
CUST-0032,ORD-2024427,2023-08-09,119.26,Beauty,North
CUST-0834,ORD-2025040,2023-08-09,26.92,Groceries,North
CUST-0597,ORD-2024568,2023-08-09,173.04,Fashion,Central
CUST-0480,ORD-2024968,2023-08-09,177.83,Fashion,Central
CUST-0404,ORD-2024233,2023-08-09,25.14,Groceries,Central
CUST-0304,ORD-2024567,2023-08-09,32.55,Groceries,East
CUST-0646,ORD-2023073,2023-08-09,161.42,Fashion,West
CUST-0204,ORD-2026375,2023-08-09,29.49,Groceries,East
CUST-0875,ORD-2025930,2023-08-10,137.63,Electronics,North
CUST-0090,ORD-2024027,2023-08-10,259.98,Home & Living,South
CUST-0187,ORD-2025793,2023-08-10,184.59,Electronics,East
CUST-0862,ORD-2025023,2023-08-11,149.09,Fashion,East
CUST-0849,ORD-2025767,2023-08-11,58.77,Sports,South
CUST-0676,ORD-2023708,2023-08-11,162.58,Fashion,West
CUST-0895,ORD-2023456,2023-08-11,32.24,Groceries,East
CUST-0659,ORD-2025337,2023-08-11,143.88,Home & Living,East
CUST-0069,ORD-2023813,2023-08-11,85.57,Sports,West
CUST-0259,ORD-2025095,2023-08-12,338.21,Electronics,West
CUST-0180,ORD-2024947,2023-08-12,210.34,Fashion,North
CUST-0416,ORD-2023972,2023-08-12,524.56,Electronics,Central
CUST-0766,ORD-2024695,2023-08-13,60.71,Beauty,North
CUST-0249,ORD-2024090,2023-08-14,93.66,Fashion,East
CUST-0245,ORD-2025307,2023-08-14,58.15,Groceries,East
CUST-0158,ORD-2023041,2023-08-14,99.91,Fashion,East
CUST-0765,ORD-2023128,2023-08-14,78.45,Fashion,South
CUST-0686,ORD-2024249,2023-08-15,141.65,Electronics,East
CUST-0582,ORD-2023698,2023-08-15,117.99,Fashion,South
CUST-0230,ORD-2023512,2023-08-16,222.95,Sports,South
CUST-0562,ORD-2025771,2023-08-16,272.33,Electronics,South
CUST-0069,ORD-2025696,2023-08-16,85.96,Home & Living,Central
CUST-0188,ORD-2026072,2023-08-16,51.38,Groceries,South
CUST-0585,ORD-2024253,2023-08-16,55.41,Home & Living,North
CUST-0655,ORD-2025390,2023-08-17,391.56,Electronics,South
CUST-0146,ORD-2025154,2023-08-17,140.19,Fashion,West
CUST-0796,ORD-2025658,2023-08-17,57.96,Groceries,North
CUST-0124,ORD-2025650,2023-08-17,51.13,Beauty,North
CUST-0334,ORD-2024175,2023-08-17,55.78,Beauty,South
CUST-0157,ORD-2025219,2023-08-17,205.73,Home & Living,North
CUST-0602,ORD-2024426,2023-08-17,280.85,Electronics,Central
CUST-0732,ORD-2026505,2023-08-17,97.24,Beauty,South
CUST-0720,ORD-2025872,2023-08-17,69.2,Beauty,South
CUST-0468,ORD-2025636,2023-08-17,189.28,Fashion,North
CUST-0803,ORD-2023509,2023-08-17,138.53,Fashion,West
CUST-0126,ORD-2024514,2023-08-17,82.57,Beauty,South
CUST-0419,ORD-2025550,2023-08-18,85.84,Sports,North
CUST-0055,ORD-2026087,2023-08-18,186.62,Electronics,West
CUST-0424,ORD-2025290,2023-08-18,70.4,Sports,West
CUST-0331,ORD-2023165,2023-08-18,422.56,Electronics,North
CUST-0128,ORD-2026386,2023-08-18,127.98,Electronics,Central
CUST-0845,ORD-2024974,2023-08-18,64.58,Beauty,East
CUST-0483,ORD-2026345,2023-08-18,122.54,Home & Living,East
CUST-0287,ORD-2023451,2023-08-18,43.44,Groceries,West
CUST-0421,ORD-2025006,2023-08-19,175.63,Home & Living,South
CUST-0810,ORD-2026182,2023-08-19,126.89,Fashion,West
CUST-0809,ORD-2023055,2023-08-19,64.87,Beauty,South
CUST-0499,ORD-2025071,2023-08-19,119.47,Fashion,South
CUST-0821,ORD-2025250,2023-08-19,92.01,Home & Living,West
CUST-0216,ORD-2024794,2023-08-20,153.89,Sports,West
CUST-0806,ORD-2025407,2023-08-20,250.64,Electronics,East
CUST-0628,ORD-2025293,2023-08-20,112.87,Beauty,North
CUST-0628,ORD-2024311,2023-08-21,125.12,Beauty,North
CUST-0243,ORD-2024160,2023-08-21,48.15,Groceries,West
CUST-0495,ORD-2025714,2023-08-21,51.15,Fashion,North
CUST-0095,ORD-2025236,2023-08-21,210.77,Electronics,West
CUST-0078,ORD-2023457,2023-08-21,79.99,Electronics,East
CUST-0098,ORD-2026135,2023-08-21,80.94,Beauty,North
CUST-0431,ORD-2023152,2023-08-22,189.14,Electronics,West
CUST-0849,ORD-2026059,2023-08-22,56.21,Groceries,North
CUST-0531,ORD-2024359,2023-08-22,74.5,Electronics,East
CUST-0890,ORD-2025903,2023-08-23,572.32,Electronics,North
CUST-0181,ORD-2026123,2023-08-23,205.84,Fashion,Central
CUST-0890,ORD-2024600,2023-08-23,318.22,Electronics,South
CUST-0106,ORD-2023634,2023-08-24,38.51,Fashion,North
CUST-0453,ORD-2024325,2023-08-24,110.65,Sports,North
CUST-0829,ORD-2023465,2023-08-24,190.32,Fashion,North
CUST-0174,ORD-2023567,2023-08-25,39.8,Groceries,West
CUST-0277,ORD-2025940,2023-08-25,174.68,Electronics,North
CUST-0843,ORD-2023565,2023-08-25,39.96,Groceries,West
CUST-0279,ORD-2024506,2023-08-25,172.31,Fashion,South
CUST-0370,ORD-2026121,2023-08-25,164.8,Home & Living,South
CUST-0784,ORD-2025067,2023-08-25,102.64,Fashion,East
CUST-0392,ORD-2024885,2023-08-25,26.66,Groceries,Central
CUST-0676,ORD-2025547,2023-08-26,74.27,Groceries,North
CUST-0749,ORD-2023015,2023-08-26,106.27,Electronics,South
CUST-0149,ORD-2025612,2023-08-26,355.09,Electronics,West
CUST-0306,ORD-2025068,2023-08-26,107.27,Home & Living,West
CUST-0121,ORD-2025451,2023-08-26,78.52,Fashion,South
CUST-0265,ORD-2025061,2023-08-26,80.54,Home & Living,East
CUST-0227,ORD-2026346,2023-08-27,185.64,Electronics,West
CUST-0599,ORD-2026147,2023-08-27,135.12,Electronics,West
CUST-0363,ORD-2026065,2023-08-27,133.06,Electronics,South
CUST-0357,ORD-2024569,2023-08-27,88.65,Home & Living,East
CUST-0158,ORD-2024789,2023-08-27,39.43,Groceries,West
CUST-0176,ORD-2023227,2023-08-27,94.8,Fashion,Central
CUST-0160,ORD-2025567,2023-08-28,71.07,Fashion,South
CUST-0679,ORD-2023718,2023-08-28,204.07,Fashion,West
CUST-0266,ORD-2024718,2023-08-28,211.37,Sports,East
CUST-0175,ORD-2026181,2023-08-29,186.95,Home & Living,Central
CUST-0256,ORD-2024460,2023-08-30,137.85,Sports,Central
CUST-0765,ORD-2024565,2023-08-30,163.86,Home & Living,West
CUST-0723,ORD-2025047,2023-08-30,198.99,Sports,North
CUST-0208,ORD-2023245,2023-08-30,175.22,Electronics,North
CUST-0185,ORD-2025740,2023-08-30,74.45,Groceries,West
CUST-0869,ORD-2024932,2023-08-30,250.55,Home & Living,North
CUST-0202,ORD-2025674,2023-08-31,81.74,Beauty,West
CUST-0862,ORD-2024833,2023-08-31,628.64,Electronics,Central
CUST-0588,ORD-2025083,2023-08-31,37.51,Groceries,Central
CUST-0685,ORD-2025945,2023-08-31,120.09,Sports,West
CUST-0442,ORD-2025084,2023-08-31,840.02,Electronics,East
CUST-0424,ORD-2025529,2023-08-31,44.37,Groceries,South
CUST-0795,ORD-2025493,2023-09-01,145.23,Home & Living,South
CUST-0227,ORD-2024327,2023-09-01,226.71,Fashion,West
CUST-0133,ORD-2023662,2023-09-01,78.36,Fashion,South
CUST-0190,ORD-2025001,2023-09-01,224.39,Home & Living,West
CUST-0543,ORD-2024174,2023-09-01,94.61,Fashion,North
CUST-0532,ORD-2025863,2023-09-01,60.25,Groceries,West
CUST-0840,ORD-2025034,2023-09-01,358.99,Electronics,Central
CUST-0382,ORD-2024276,2023-09-02,142.6,Sports,South
CUST-0390,ORD-2024854,2023-09-02,204.31,Electronics,West
CUST-0579,ORD-2024250,2023-09-02,109.22,Home & Living,Central
CUST-0040,ORD-2026469,2023-09-02,116.8,Fashion,South
CUST-0192,ORD-2023086,2023-09-02,63.2,Groceries,East
CUST-0616,ORD-2025362,2023-09-02,233.11,Home & Living,West
CUST-0142,ORD-2024102,2023-09-02,46.17,Groceries,East
CUST-0268,ORD-2025229,2023-09-03,53.23,Groceries,North
CUST-0373,ORD-2026228,2023-09-03,165.03,Sports,Central
CUST-0039,ORD-2023263,2023-09-03,46.37,Groceries,South
CUST-0613,ORD-2026339,2023-09-03,93.32,Sports,North
CUST-0597,ORD-2026296,2023-09-03,219.14,Sports,Central
CUST-0095,ORD-2023908,2023-09-04,56.96,Home & Living,North
CUST-0178,ORD-2026583,2023-09-04,206.91,Home & Living,West
CUST-0597,ORD-2026326,2023-09-04,103.63,Beauty,West
CUST-0659,ORD-2024219,2023-09-05,153.5,Home & Living,South
CUST-0045,ORD-2025948,2023-09-05,188.87,Beauty,North
CUST-0149,ORD-2026553,2023-09-05,186.22,Home & Living,Central
CUST-0071,ORD-2024725,2023-09-06,93.21,Fashion,East
CUST-0495,ORD-2026269,2023-09-06,185.65,Sports,South
CUST-0364,ORD-2025952,2023-09-06,28.8,Fashion,South
CUST-0685,ORD-2026076,2023-09-06,64.27,Beauty,East
CUST-0504,ORD-2024404,2023-09-06,88.49,Fashion,South
CUST-0265,ORD-2024286,2023-09-06,116.64,Beauty,West
CUST-0214,ORD-2025857,2023-09-06,180.85,Fashion,Central
CUST-0041,ORD-2023191,2023-09-06,76.83,Fashion,East
CUST-0098,ORD-2026369,2023-09-07,131.62,Sports,North
CUST-0568,ORD-2026381,2023-09-07,201.36,Electronics,East
CUST-0828,ORD-2023907,2023-09-07,128.14,Beauty,East
CUST-0106,ORD-2024543,2023-09-08,87.41,Fashion,East
CUST-0706,ORD-2023187,2023-09-08,156.66,Sports,East
CUST-0027,ORD-2025575,2023-09-08,91.78,Beauty,West
CUST-0676,ORD-2023246,2023-09-08,51.5,Groceries,West
CUST-0097,ORD-2025345,2023-09-08,121.93,Fashion,Central
CUST-0550,ORD-2026435,2023-09-08,182.34,Electronics,North
CUST-0217,ORD-2023169,2023-09-09,222.78,Beauty,West
CUST-0457,ORD-2024889,2023-09-09,67.22,Electronics,East
CUST-0295,ORD-2023030,2023-09-09,50.73,Groceries,North
CUST-0546,ORD-2024470,2023-09-09,238.38,Fashion,Central
CUST-0731,ORD-2023332,2023-09-09,49.9,Groceries,Central
CUST-0118,ORD-2025487,2023-09-09,63.78,Fashion,North
CUST-0233,ORD-2025868,2023-09-10,370.7,Electronics,West
CUST-0187,ORD-2024204,2023-09-10,103.76,Sports,South
CUST-0140,ORD-2023109,2023-09-10,97.09,Electronics,East
CUST-0196,ORD-2023036,2023-09-10,131.91,Fashion,West
CUST-0790,ORD-2023957,2023-09-10,92.78,Sports,East
CUST-0240,ORD-2025938,2023-09-10,101.62,Home & Living,Central
CUST-0329,ORD-2026410,2023-09-11,624.17,Electronics,Central
CUST-0256,ORD-2023790,2023-09-11,548.25,Electronics,North
CUST-0163,ORD-2025087,2023-09-11,105.36,Fashion,South
CUST-0066,ORD-2023564,2023-09-11,141.99,Sports,East
CUST-0690,ORD-2024665,2023-09-11,44.22,Beauty,East
CUST-0496,ORD-2023878,2023-09-11,270.08,Home & Living,East
CUST-0757,ORD-2023914,2023-09-12,187.11,Home & Living,North
CUST-0659,ORD-2023571,2023-09-12,57.78,Groceries,West
CUST-0782,ORD-2025058,2023-09-12,133.38,Electronics,North
CUST-0705,ORD-2026513,2023-09-12,162.77,Fashion,South
CUST-0302,ORD-2025782,2023-09-12,47.26,Groceries,East
CUST-0126,ORD-2024557,2023-09-12,58.96,Groceries,North
CUST-0541,ORD-2024454,2023-09-12,36.58,Groceries,North
CUST-0159,ORD-2025972,2023-09-12,219.09,Sports,Central
CUST-0723,ORD-2024653,2023-09-13,289.39,Home & Living,East
CUST-0446,ORD-2023821,2023-09-13,68.02,Sports,South
CUST-0387,ORD-2026172,2023-09-13,98.99,Fashion,North
CUST-0066,ORD-2023491,2023-09-13,207.29,Fashion,South
CUST-0131,ORD-2023751,2023-09-13,69.48,Beauty,Central
CUST-0557,ORD-2025468,2023-09-13,107.43,Sports,Central
CUST-0101,ORD-2025754,2023-09-13,83.03,Beauty,North
CUST-0597,ORD-2026498,2023-09-13,175.03,Fashion,West
CUST-0371,ORD-2024646,2023-09-13,82.48,Fashion,West
CUST-0425,ORD-2025388,2023-09-14,94.67,Electronics,South
CUST-0126,ORD-2023873,2023-09-14,88.61,Beauty,North
CUST-0832,ORD-2025231,2023-09-14,43.94,Groceries,South
CUST-0162,ORD-2024115,2023-09-14,33.55,Groceries,North
CUST-0314,ORD-2023755,2023-09-14,50.08,Groceries,West
CUST-0723,ORD-2025440,2023-09-14,147.36,Fashion,West
CUST-0734,ORD-2025459,2023-09-15,47.74,Groceries,North
CUST-0117,ORD-2023566,2023-09-15,39.45,Groceries,North
CUST-0319,ORD-2025690,2023-09-15,67.13,Beauty,South
CUST-0506,ORD-2025360,2023-09-15,146.75,Home & Living,Central
CUST-0843,ORD-2024047,2023-09-16,146.17,Fashion,West
CUST-0220,ORD-2025296,2023-09-16,34.72,Groceries,North
CUST-0624,ORD-2025806,2023-09-16,149.96,Fashion,Central
CUST-0390,ORD-2023687,2023-09-17,456.02,Electronics,South
CUST-0183,ORD-2024143,2023-09-17,211.94,Fashion,West
CUST-0100,ORD-2023628,2023-09-17,134.81,Beauty,Central
CUST-0396,ORD-2025847,2023-09-17,120.28,Fashion,East
CUST-0254,ORD-2025424,2023-09-17,48.75,Groceries,West
CUST-0799,ORD-2024079,2023-09-17,68.7,Electronics,Central
CUST-0864,ORD-2025116,2023-09-17,66.99,Beauty,North
CUST-0498,ORD-2023865,2023-09-18,69.85,Beauty,Central
CUST-0039,ORD-2026462,2023-09-18,245.85,Home & Living,East
CUST-0687,ORD-2024716,2023-09-18,92.21,Home & Living,North
CUST-0562,ORD-2026266,2023-09-19,76.47,Sports,East
CUST-0691,ORD-2023994,2023-09-19,83.79,Beauty,Central
CUST-0243,ORD-2024824,2023-09-20,44.41,Beauty,South
CUST-0188,ORD-2025433,2023-09-20,51.36,Fashion,Central
CUST-0809,ORD-2023348,2023-09-20,101.86,Sports,East
CUST-0290,ORD-2025608,2023-09-21,190.86,Home & Living,South
CUST-0095,ORD-2024128,2023-09-21,126.83,Sports,North
CUST-0277,ORD-2025168,2023-09-21,263.57,Electronics,North
CUST-0136,ORD-2025602,2023-09-21,87.22,Beauty,South
CUST-0391,ORD-2026151,2023-09-21,168.98,Home & Living,West
CUST-0111,ORD-2024497,2023-09-21,62.27,Groceries,North
CUST-0573,ORD-2026132,2023-09-22,181.87,Electronics,North
CUST-0896,ORD-2025318,2023-09-22,288.97,Electronics,North
CUST-0473,ORD-2025399,2023-09-22,368.21,Home & Living,North
CUST-0039,ORD-2023441,2023-09-22,200.54,Sports,North
CUST-0161,ORD-2024213,2023-09-22,78.4,Home & Living,South
CUST-0100,ORD-2025348,2023-09-22,96.82,Fashion,North
CUST-0620,ORD-2023556,2023-09-23,133.23,Sports,Central
CUST-0714,ORD-2023901,2023-09-23,188.69,Home & Living,East
CUST-0428,ORD-2025679,2023-09-23,59.43,Groceries,North
CUST-0501,ORD-2026287,2023-09-24,63.47,Beauty,Central
CUST-0113,ORD-2025511,2023-09-24,148.27,Sports,East
CUST-0075,ORD-2025824,2023-09-25,58.2,Groceries,North
CUST-0142,ORD-2025985,2023-09-25,446.7,Electronics,East
CUST-0796,ORD-2026168,2023-09-25,78.5,Fashion,West
CUST-0595,ORD-2024756,2023-09-26,314.74,Home & Living,South
CUST-0884,ORD-2025729,2023-09-26,215.04,Electronics,West
CUST-0860,ORD-2023745,2023-09-26,46.97,Groceries,South
CUST-0618,ORD-2026023,2023-09-26,232.05,Home & Living,Central
CUST-0458,ORD-2025518,2023-09-26,203.04,Home & Living,South
CUST-0429,ORD-2024440,2023-09-27,143.68,Electronics,Central
CUST-0428,ORD-2024713,2023-09-27,97.53,Fashion,East
CUST-0561,ORD-2025243,2023-09-27,51.85,Groceries,Central
CUST-0266,ORD-2024715,2023-09-27,259.18,Electronics,West
CUST-0499,ORD-2024597,2023-09-28,83.63,Fashion,East
CUST-0577,ORD-2025310,2023-09-28,104.29,Beauty,West
CUST-0100,ORD-2025104,2023-09-28,45.24,Groceries,North
CUST-0160,ORD-2025743,2023-09-28,47.17,Fashion,South
CUST-0342,ORD-2023631,2023-09-28,350.93,Sports,North
CUST-0169,ORD-2025167,2023-09-29,96.52,Sports,West
CUST-0666,ORD-2026311,2023-09-29,190.62,Home & Living,Central
CUST-0005,ORD-2026569,2023-09-29,62.24,Home & Living,East
CUST-0063,ORD-2026300,2023-09-29,343.46,Electronics,North
CUST-0011,ORD-2025367,2023-09-29,72.21,Beauty,North
CUST-0611,ORD-2024853,2023-09-29,186.37,Sports,North
CUST-0738,ORD-2023323,2023-09-29,107.81,Home & Living,North
CUST-0105,ORD-2025770,2023-09-30,86.92,Fashion,West
CUST-0040,ORD-2026271,2023-09-30,62.49,Groceries,North
CUST-0589,ORD-2025222,2023-10-01,180.79,Fashion,North
CUST-0394,ORD-2023353,2023-10-01,38.25,Groceries,North
CUST-0585,ORD-2025618,2023-10-01,87.16,Fashion,East
CUST-0038,ORD-2024836,2023-10-01,167.85,Fashion,South
CUST-0814,ORD-2025859,2023-10-02,75.76,Fashion,South
CUST-0254,ORD-2023966,2023-10-02,61.76,Fashion,North
CUST-0190,ORD-2025166,2023-10-02,121.25,Fashion,South
CUST-0424,ORD-2024081,2023-10-02,545.21,Electronics,North
CUST-0577,ORD-2023928,2023-10-02,64.86,Beauty,Central
CUST-0827,ORD-2025807,2023-10-03,259.32,Electronics,Central
CUST-0738,ORD-2026418,2023-10-03,347.84,Electronics,North
CUST-0499,ORD-2023772,2023-10-03,135.37,Home & Living,Central
CUST-0342,ORD-2025382,2023-10-03,162.47,Fashion,South
CUST-0790,ORD-2023606,2023-10-03,64.22,Beauty,South
CUST-0346,ORD-2024166,2023-10-03,155.72,Sports,West
CUST-0261,ORD-2025663,2023-10-03,138.36,Fashion,West
CUST-0240,ORD-2025227,2023-10-03,98.56,Beauty,West
CUST-0306,ORD-2024819,2023-10-03,99.76,Fashion,South
CUST-0648,ORD-2025028,2023-10-03,86.7,Home & Living,North
CUST-0813,ORD-2026509,2023-10-04,163.47,Home & Living,Central
CUST-0074,ORD-2025725,2023-10-04,122.15,Fashion,Central
CUST-0735,ORD-2024421,2023-10-04,374.27,Home & Living,North
CUST-0269,ORD-2025794,2023-10-05,161.33,Fashion,North
CUST-0334,ORD-2023683,2023-10-05,233.16,Fashion,North
CUST-0006,ORD-2025426,2023-10-05,80.66,Fashion,West
CUST-0011,ORD-2024363,2023-10-05,64.73,Fashion,North
CUST-0177,ORD-2025739,2023-10-05,75.19,Groceries,North
CUST-0088,ORD-2025681,2023-10-06,61.38,Home & Living,Central
CUST-0425,ORD-2025512,2023-10-06,130.79,Home & Living,East
CUST-0050,ORD-2025883,2023-10-06,102.24,Electronics,Central
CUST-0088,ORD-2023209,2023-10-06,222.36,Electronics,Central
CUST-0704,ORD-2023891,2023-10-06,83.54,Beauty,North
CUST-0345,ORD-2024999,2023-10-07,79.64,Beauty,South
CUST-0862,ORD-2023148,2023-10-07,37.13,Groceries,East
CUST-0877,ORD-2023101,2023-10-07,56.43,Groceries,Central
CUST-0246,ORD-2025819,2023-10-07,155.63,Sports,North
CUST-0278,ORD-2025876,2023-10-07,209.4,Fashion,West
CUST-0674,ORD-2023799,2023-10-08,74.76,Fashion,North
CUST-0126,ORD-2025850,2023-10-08,101.52,Sports,South
CUST-0276,ORD-2024170,2023-10-08,516.57,Electronics,West
CUST-0504,ORD-2025160,2023-10-08,161.71,Home & Living,North
CUST-0854,ORD-2024533,2023-10-09,765.99,Electronics,Central
CUST-0724,ORD-2025812,2023-10-09,54.12,Groceries,South
CUST-0560,ORD-2024016,2023-10-09,72.99,Home & Living,East
CUST-0155,ORD-2023693,2023-10-09,79.38,Fashion,Central
CUST-0709,ORD-2024136,2023-10-09,121.3,Fashion,Central
CUST-0453,ORD-2025909,2023-10-09,146.44,Fashion,South
CUST-0074,ORD-2023937,2023-10-09,45.02,Beauty,South
CUST-0479,ORD-2025384,2023-10-10,109.82,Sports,West
CUST-0359,ORD-2026379,2023-10-10,225.71,Home & Living,Central
CUST-0661,ORD-2023442,2023-10-10,294.7,Electronics,North
CUST-0174,ORD-2025119,2023-10-10,85.72,Fashion,Central
CUST-0429,ORD-2024829,2023-10-10,230.02,Electronics,Central
CUST-0115,ORD-2026338,2023-10-11,112.73,Fashion,West
CUST-0103,ORD-2026383,2023-10-11,96.44,Sports,North
CUST-0372,ORD-2025607,2023-10-12,70.75,Fashion,South
CUST-0842,ORD-2024119,2023-10-12,62.85,Beauty,North
CUST-0725,ORD-2025485,2023-10-12,59.26,Beauty,West
CUST-0262,ORD-2026276,2023-10-12,128.87,Fashion,South
CUST-0357,ORD-2023593,2023-10-12,426.89,Electronics,East
CUST-0172,ORD-2023729,2023-10-12,136.22,Beauty,South
CUST-0203,ORD-2026156,2023-10-12,335.38,Electronics,West
CUST-0736,ORD-2024487,2023-10-13,91.94,Home & Living,East
CUST-0202,ORD-2025489,2023-10-13,260.82,Home & Living,Central
CUST-0796,ORD-2024550,2023-10-13,50.86,Groceries,East
CUST-0409,ORD-2023881,2023-10-13,196.53,Fashion,South
CUST-0577,ORD-2023677,2023-10-13,61.74,Beauty,South
CUST-0188,ORD-2025753,2023-10-13,194.12,Fashion,East
CUST-0145,ORD-2025710,2023-10-14,73.51,Fashion,Central
CUST-0826,ORD-2024105,2023-10-14,121.6,Fashion,West
CUST-0472,ORD-2025287,2023-10-14,267.96,Home & Living,North
CUST-0277,ORD-2024510,2023-10-14,252.44,Electronics,West
CUST-0303,ORD-2023254,2023-10-14,813.93,Electronics,South
CUST-0440,ORD-2024652,2023-10-14,119.41,Beauty,Central
CUST-0875,ORD-2025206,2023-10-15,98.42,Home & Living,East
CUST-0832,ORD-2025069,2023-10-15,314.1,Electronics,North
CUST-0230,ORD-2025156,2023-10-15,104.16,Sports,West
CUST-0143,ORD-2025816,2023-10-15,180.18,Home & Living,North
CUST-0680,ORD-2024840,2023-10-15,86.77,Beauty,West
CUST-0048,ORD-2023156,2023-10-15,507.94,Electronics,Central
CUST-0577,ORD-2023010,2023-10-16,328.26,Electronics,North
CUST-0521,ORD-2023594,2023-10-16,162.0,Fashion,North
CUST-0683,ORD-2024661,2023-10-16,48.32,Groceries,South
CUST-0159,ORD-2025235,2023-10-16,174.35,Fashion,South
CUST-0550,ORD-2023635,2023-10-16,177.16,Sports,North
CUST-0426,ORD-2025843,2023-10-16,95.35,Fashion,South
CUST-0894,ORD-2025434,2023-10-16,80.66,Sports,South
CUST-0753,ORD-2023661,2023-10-16,206.36,Sports,East
CUST-0043,ORD-2023443,2023-10-17,55.91,Groceries,North
CUST-0218,ORD-2024909,2023-10-17,56.32,Groceries,West
CUST-0786,ORD-2025801,2023-10-18,49.58,Fashion,South
CUST-0783,ORD-2024527,2023-10-18,73.07,Groceries,South
CUST-0292,ORD-2023554,2023-10-18,261.21,Sports,Central
CUST-0004,ORD-2023730,2023-10-18,194.12,Fashion,East
CUST-0385,ORD-2023997,2023-10-18,159.8,Fashion,North
CUST-0646,ORD-2024706,2023-10-18,96.96,Beauty,North
CUST-0700,ORD-2025545,2023-10-18,57.69,Groceries,North
CUST-0498,ORD-2024577,2023-10-19,60.9,Fashion,South
CUST-0210,ORD-2023129,2023-10-19,107.74,Sports,Central
CUST-0613,ORD-2023230,2023-10-19,120.48,Home & Living,East
CUST-0134,ORD-2025514,2023-10-19,309.9,Electronics,East
CUST-0858,ORD-2025010,2023-10-19,55.41,Groceries,South
CUST-0014,ORD-2025937,2023-10-20,139.99,Home & Living,South
CUST-0376,ORD-2025218,2023-10-20,55.77,Groceries,Central
CUST-0464,ORD-2023780,2023-10-20,174.85,Fashion,Central
CUST-0661,ORD-2025253,2023-10-20,496.7,Home & Living,Central
CUST-0082,ORD-2024926,2023-10-20,107.25,Fashion,South
CUST-0349,ORD-2023711,2023-10-20,88.25,Beauty,East
CUST-0083,ORD-2026466,2023-10-21,112.56,Home & Living,South
CUST-0149,ORD-2024679,2023-10-21,103.64,Home & Living,Central
CUST-0797,ORD-2024804,2023-10-21,263.75,Sports,West
CUST-0214,ORD-2023809,2023-10-21,170.69,Sports,Central
CUST-0055,ORD-2026264,2023-10-22,86.63,Home & Living,East
CUST-0262,ORD-2023440,2023-10-22,121.14,Electronics,North
CUST-0100,ORD-2024425,2023-10-22,329.66,Electronics,Central
CUST-0299,ORD-2024410,2023-10-22,73.97,Home & Living,South
CUST-0074,ORD-2025921,2023-10-22,33.87,Beauty,South
CUST-0666,ORD-2023118,2023-10-22,360.13,Home & Living,North
CUST-0886,ORD-2026220,2023-10-22,370.99,Electronics,West
CUST-0497,ORD-2026241,2023-10-22,121.93,Home & Living,West
CUST-0580,ORD-2023981,2023-10-23,143.57,Fashion,Central
CUST-0553,ORD-2023752,2023-10-23,185.3,Fashion,West
CUST-0858,ORD-2026001,2023-10-23,228.55,Electronics,East
CUST-0305,ORD-2025862,2023-10-23,39.28,Groceries,West
CUST-0501,ORD-2024581,2023-10-23,76.92,Beauty,North
CUST-0293,ORD-2025980,2023-10-23,80.74,Sports,South
CUST-0661,ORD-2026560,2023-10-23,63.28,Groceries,North
CUST-0842,ORD-2023211,2023-10-24,83.18,Beauty,West
CUST-0840,ORD-2023189,2023-10-24,112.8,Fashion,South
CUST-0822,ORD-2025302,2023-10-24,149.3,Electronics,East
CUST-0343,ORD-2026537,2023-10-24,57.09,Fashion,Central
CUST-0728,ORD-2025950,2023-10-24,58.91,Groceries,North
CUST-0093,ORD-2024197,2023-10-25,58.3,Groceries,Central
CUST-0616,ORD-2023607,2023-10-25,186.55,Home & Living,West
CUST-0760,ORD-2023144,2023-10-25,41.75,Beauty,South
CUST-0560,ORD-2024977,2023-10-25,123.71,Beauty,South
CUST-0574,ORD-2026467,2023-10-25,120.56,Sports,East
CUST-0153,ORD-2023854,2023-10-25,81.78,Fashion,South
CUST-0114,ORD-2026056,2023-10-26,178.12,Fashion,East
CUST-0580,ORD-2024418,2023-10-26,142.28,Home & Living,West
CUST-0659,ORD-2023490,2023-10-26,155.65,Electronics,East
CUST-0599,ORD-2024002,2023-10-26,275.51,Home & Living,North
CUST-0375,ORD-2024091,2023-10-27,52.71,Groceries,Central
CUST-0261,ORD-2026490,2023-10-27,211.84,Sports,East
CUST-0138,ORD-2026187,2023-10-28,79.04,Groceries,South
CUST-0659,ORD-2023897,2023-10-28,62.42,Groceries,Central
CUST-0300,ORD-2023688,2023-10-28,232.69,Electronics,East
CUST-0384,ORD-2024845,2023-10-28,81.22,Beauty,North
CUST-0593,ORD-2023375,2023-10-28,276.61,Sports,West
CUST-0672,ORD-2025505,2023-10-28,46.09,Groceries,East
CUST-0063,ORD-2023044,2023-10-29,140.55,Electronics,East
CUST-0256,ORD-2026364,2023-10-29,164.36,Sports,West
CUST-0553,ORD-2025349,2023-10-29,148.7,Home & Living,North
CUST-0114,ORD-2025019,2023-10-29,125.43,Home & Living,South
CUST-0011,ORD-2023168,2023-10-29,34.27,Beauty,South
CUST-0298,ORD-2024101,2023-10-29,164.11,Fashion,South
CUST-0022,ORD-2025704,2023-10-30,168.69,Fashion,South
CUST-0684,ORD-2024593,2023-10-30,127.81,Fashion,West
CUST-0166,ORD-2026529,2023-10-30,96.67,Groceries,West
CUST-0132,ORD-2026209,2023-10-30,36.1,Groceries,North
CUST-0881,ORD-2026275,2023-10-31,56.17,Fashion,East
CUST-0407,ORD-2024005,2023-10-31,54.2,Sports,Central
CUST-0796,ORD-2024590,2023-10-31,46.82,Groceries,West
CUST-0613,ORD-2023913,2023-10-31,225.6,Fashion,West
CUST-0011,ORD-2025563,2023-10-31,104.77,Sports,North
CUST-0078,ORD-2025723,2023-10-31,33.87,Beauty,South
CUST-0463,ORD-2025456,2023-11-01,29.87,Groceries,South
CUST-0678,ORD-2023029,2023-11-01,145.82,Fashion,North
CUST-0687,ORD-2024346,2023-11-01,446.26,Home & Living,Central
CUST-0658,ORD-2024729,2023-11-01,162.18,Fashion,South
CUST-0016,ORD-2025312,2023-11-02,154.02,Sports,North
CUST-0314,ORD-2024356,2023-11-02,587.87,Electronics,East
CUST-0391,ORD-2026272,2023-11-02,86.3,Groceries,East
CUST-0096,ORD-2025476,2023-11-03,154.14,Fashion,East
CUST-0793,ORD-2026280,2023-11-03,123.69,Sports,North
CUST-0612,ORD-2023904,2023-11-03,122.86,Home & Living,East
CUST-0819,ORD-2023100,2023-11-03,107.84,Beauty,East
CUST-0425,ORD-2024409,2023-11-03,70.27,Fashion,West
CUST-0010,ORD-2024103,2023-11-04,147.43,Electronics,West
CUST-0707,ORD-2025211,2023-11-04,165.56,Home & Living,North
CUST-0552,ORD-2025155,2023-11-05,59.6,Groceries,North
CUST-0055,ORD-2024825,2023-11-05,497.33,Sports,West
CUST-0876,ORD-2025625,2023-11-05,71.61,Groceries,South
CUST-0305,ORD-2026475,2023-11-05,145.0,Fashion,North
CUST-0192,ORD-2026141,2023-11-06,162.49,Sports,North
CUST-0247,ORD-2026455,2023-11-06,142.2,Fashion,West
CUST-0372,ORD-2026309,2023-11-06,104.54,Beauty,West
CUST-0672,ORD-2024540,2023-11-06,416.25,Sports,West
CUST-0237,ORD-2026008,2023-11-06,86.55,Beauty,West
CUST-0704,ORD-2023682,2023-11-06,49.49,Groceries,North
CUST-0570,ORD-2023675,2023-11-06,113.69,Electronics,Central
CUST-0457,ORD-2024897,2023-11-06,232.52,Electronics,Central
CUST-0631,ORD-2023701,2023-11-07,139.01,Electronics,East
CUST-0546,ORD-2025435,2023-11-07,68.85,Beauty,West
CUST-0817,ORD-2024708,2023-11-07,56.47,Beauty,North
CUST-0485,ORD-2024687,2023-11-08,137.64,Sports,West
CUST-0742,ORD-2025582,2023-11-08,589.33,Home & Living,West
CUST-0554,ORD-2023106,2023-11-08,42.63,Groceries,South
CUST-0616,ORD-2023707,2023-11-08,93.43,Home & Living,North
CUST-0640,ORD-2025207,2023-11-08,44.28,Groceries,Central
CUST-0444,ORD-2026281,2023-11-08,136.59,Fashion,East
CUST-0031,ORD-2023466,2023-11-08,233.87,Home & Living,Central
CUST-0394,ORD-2026371,2023-11-09,36.82,Groceries,North
CUST-0647,ORD-2026380,2023-11-09,130.52,Fashion,West
CUST-0299,ORD-2023428,2023-11-09,421.71,Sports,Central
CUST-0479,ORD-2023385,2023-11-09,65.49,Fashion,North
CUST-0703,ORD-2024229,2023-11-09,93.06,Groceries,Central
CUST-0433,ORD-2024328,2023-11-09,104.42,Beauty,North
CUST-0580,ORD-2023855,2023-11-09,101.9,Sports,Central
CUST-0166,ORD-2026133,2023-11-09,149.12,Home & Living,North
CUST-0390,ORD-2024616,2023-11-09,111.87,Beauty,North
CUST-0401,ORD-2026251,2023-11-09,173.21,Home & Living,South
CUST-0319,ORD-2025357,2023-11-09,87.4,Beauty,North
CUST-0398,ORD-2023217,2023-11-09,77.25,Groceries,West
CUST-0331,ORD-2025849,2023-11-10,322.06,Home & Living,South
CUST-0655,ORD-2024450,2023-11-10,238.37,Home & Living,West
CUST-0115,ORD-2026365,2023-11-10,39.13,Groceries,North
CUST-0038,ORD-2025789,2023-11-11,158.12,Fashion,East
CUST-0686,ORD-2025537,2023-11-11,57.46,Groceries,South
CUST-0845,ORD-2024864,2023-11-12,244.73,Home & Living,West
CUST-0096,ORD-2024463,2023-11-12,77.75,Beauty,West
CUST-0101,ORD-2025639,2023-11-12,40.48,Groceries,South
CUST-0109,ORD-2024227,2023-11-13,66.16,Groceries,Central
CUST-0826,ORD-2026377,2023-11-13,269.57,Home & Living,Central
CUST-0534,ORD-2024683,2023-11-13,82.64,Fashion,South
CUST-0775,ORD-2024712,2023-11-13,167.69,Sports,South
CUST-0819,ORD-2025245,2023-11-14,64.5,Beauty,West
CUST-0155,ORD-2025157,2023-11-14,130.56,Sports,West
CUST-0340,ORD-2026420,2023-11-14,363.59,Electronics,East
CUST-0005,ORD-2026596,2023-11-14,907.11,Electronics,North
CUST-0210,ORD-2026443,2023-11-14,152.74,Fashion,South
CUST-0334,ORD-2024285,2023-11-14,206.38,Fashion,West
CUST-0332,ORD-2026362,2023-11-15,57.18,Groceries,Central
CUST-0690,ORD-2023568,2023-11-15,650.28,Electronics,Central
CUST-0095,ORD-2024555,2023-11-15,325.56,Home & Living,West
CUST-0591,ORD-2023149,2023-11-15,59.15,Groceries,South
CUST-0656,ORD-2025534,2023-11-16,77.28,Beauty,North
CUST-0146,ORD-2026067,2023-11-16,58.43,Fashion,West
CUST-0260,ORD-2023386,2023-11-16,243.77,Fashion,East
CUST-0130,ORD-2025821,2023-11-16,133.32,Fashion,South
CUST-0198,ORD-2023853,2023-11-17,61.44,Groceries,West
CUST-0428,ORD-2023590,2023-11-17,128.97,Home & Living,Central
CUST-0476,ORD-2025562,2023-11-17,179.66,Sports,South
CUST-0644,ORD-2025915,2023-11-18,400.17,Electronics,South
CUST-0777,ORD-2025419,2023-11-18,281.75,Electronics,North
CUST-0426,ORD-2025273,2023-11-18,87.43,Fashion,North
CUST-0069,ORD-2024408,2023-11-18,564.2,Electronics,North
CUST-0227,ORD-2023344,2023-11-18,92.81,Beauty,West
CUST-0770,ORD-2024888,2023-11-18,73.61,Groceries,East
CUST-0227,ORD-2023542,2023-11-19,80.15,Beauty,North
CUST-0858,ORD-2023364,2023-11-19,277.25,Fashion,East
CUST-0185,ORD-2024886,2023-11-19,376.65,Home & Living,West
CUST-0687,ORD-2023098,2023-11-19,84.05,Fashion,East
CUST-0469,ORD-2024007,2023-11-19,180.78,Sports,East
CUST-0356,ORD-2023735,2023-11-20,89.58,Beauty,Central
CUST-0682,ORD-2025187,2023-11-20,67.96,Groceries,North
CUST-0126,ORD-2025994,2023-11-20,486.7,Electronics,East
CUST-0288,ORD-2026543,2023-11-20,182.0,Home & Living,East
CUST-0169,ORD-2026322,2023-11-21,316.4,Home & Living,North
CUST-0177,ORD-2025536,2023-11-21,156.18,Home & Living,East
CUST-0339,ORD-2023996,2023-11-21,306.23,Fashion,North
CUST-0447,ORD-2023212,2023-11-21,210.27,Fashion,East
CUST-0407,ORD-2025591,2023-11-22,66.09,Fashion,North
CUST-0684,ORD-2023575,2023-11-22,169.41,Electronics,West
CUST-0506,ORD-2023484,2023-11-22,181.36,Beauty,West
CUST-0283,ORD-2023023,2023-11-22,278.1,Home & Living,West
CUST-0674,ORD-2026477,2023-11-22,153.44,Fashion,East
CUST-0429,ORD-2026163,2023-11-22,60.26,Beauty,South
CUST-0698,ORD-2025995,2023-11-23,193.48,Sports,West
CUST-0331,ORD-2023984,2023-11-23,55.96,Groceries,East
CUST-0729,ORD-2024641,2023-11-23,305.01,Fashion,North
CUST-0426,ORD-2025417,2023-11-23,390.57,Electronics,South
CUST-0728,ORD-2024088,2023-11-24,82.64,Groceries,South
CUST-0516,ORD-2025715,2023-11-24,205.86,Fashion,South
CUST-0371,ORD-2024978,2023-11-24,126.44,Sports,Central
CUST-0390,ORD-2023584,2023-11-24,248.21,Fashion,West
CUST-0845,ORD-2024928,2023-11-24,99.28,Groceries,North
CUST-0010,ORD-2023864,2023-11-24,163.03,Home & Living,North
CUST-0054,ORD-2026352,2023-11-25,221.16,Electronics,East
CUST-0740,ORD-2024290,2023-11-25,203.0,Electronics,South
CUST-0899,ORD-2026191,2023-11-25,130.92,Fashion,East
CUST-0752,ORD-2023727,2023-11-25,630.03,Home & Living,East
CUST-0264,ORD-2024256,2023-11-25,254.91,Electronics,North
CUST-0483,ORD-2025507,2023-11-25,136.3,Fashion,East
CUST-0205,ORD-2025574,2023-11-25,60.29,Groceries,South
CUST-0090,ORD-2024355,2023-11-26,125.77,Sports,South
CUST-0254,ORD-2026253,2023-11-26,258.78,Electronics,West
CUST-0069,ORD-2024455,2023-11-26,82.69,Fashion,West
CUST-0729,ORD-2025413,2023-11-27,75.69,Fashion,South
CUST-0738,ORD-2023784,2023-11-27,63.2,Groceries,Central
CUST-0837,ORD-2024541,2023-11-27,64.03,Groceries,East
CUST-0347,ORD-2023874,2023-11-27,96.92,Home & Living,West
CUST-0767,ORD-2024645,2023-11-28,443.54,Electronics,Central
CUST-0004,ORD-2025918,2023-11-28,187.49,Fashion,Central
CUST-0095,ORD-2023713,2023-11-28,366.43,Home & Living,West
CUST-0540,ORD-2024206,2023-11-28,155.48,Fashion,West
CUST-0887,ORD-2023471,2023-11-28,319.52,Electronics,East
CUST-0371,ORD-2024006,2023-11-28,213.7,Fashion,Central
CUST-0559,ORD-2023676,2023-11-29,77.73,Fashion,South
CUST-0027,ORD-2025687,2023-11-29,130.23,Fashion,East
CUST-0182,ORD-2023990,2023-11-29,91.92,Fashion,South
CUST-0051,ORD-2026411,2023-11-29,214.68,Home & Living,West
CUST-0634,ORD-2025213,2023-11-30,129.49,Fashion,West
CUST-0540,ORD-2023454,2023-11-30,63.78,Fashion,West
CUST-0687,ORD-2024158,2023-11-30,202.11,Home & Living,North
CUST-0638,ORD-2024357,2023-11-30,227.21,Fashion,North
CUST-0882,ORD-2025509,2023-11-30,80.18,Sports,North
CUST-0645,ORD-2026050,2023-12-01,79.61,Beauty,West
CUST-0706,ORD-2026078,2023-12-01,119.14,Fashion,South
CUST-0473,ORD-2023221,2023-12-01,52.08,Groceries,North
CUST-0146,ORD-2026207,2023-12-01,136.82,Fashion,East
CUST-0385,ORD-2026268,2023-12-01,342.38,Sports,North
CUST-0483,ORD-2025964,2023-12-01,183.21,Fashion,East
CUST-0803,ORD-2024688,2023-12-01,215.32,Sports,North
CUST-0143,ORD-2024951,2023-12-01,97.28,Electronics,North
CUST-0106,ORD-2024153,2023-12-01,93.5,Fashion,North
CUST-0016,ORD-2025646,2023-12-01,101.89,Fashion,South
CUST-0453,ORD-2024991,2023-12-01,87.76,Beauty,West
CUST-0385,ORD-2024960,2023-12-01,95.72,Beauty,Central
CUST-0144,ORD-2024763,2023-12-01,154.35,Sports,West
CUST-0175,ORD-2024754,2023-12-02,401.74,Electronics,South
CUST-0160,ORD-2025145,2023-12-02,214.32,Beauty,North
CUST-0796,ORD-2026049,2023-12-03,108.94,Beauty,West
CUST-0375,ORD-2023316,2023-12-03,227.22,Sports,Central
CUST-0206,ORD-2026098,2023-12-03,129.33,Sports,West
CUST-0881,ORD-2026341,2023-12-03,111.79,Beauty,South
CUST-0845,ORD-2023934,2023-12-03,60.02,Groceries,South
CUST-0160,ORD-2023882,2023-12-03,485.77,Home & Living,South
CUST-0467,ORD-2025306,2023-12-04,191.83,Fashion,West
CUST-0343,ORD-2023458,2023-12-04,161.39,Home & Living,South
CUST-0250,ORD-2025832,2023-12-04,437.15,Home & Living,Central
CUST-0607,ORD-2025841,2023-12-04,181.78,Home & Living,North
CUST-0014,ORD-2023094,2023-12-04,107.11,Beauty,South
CUST-0059,ORD-2024053,2023-12-05,332.83,Electronics,Central
CUST-0853,ORD-2025826,2023-12-05,203.85,Home & Living,East
CUST-0659,ORD-2023063,2023-12-05,208.89,Fashion,East
CUST-0162,ORD-2023954,2023-12-06,100.26,Beauty,North
CUST-0237,ORD-2024205,2023-12-06,406.89,Home & Living,Central
CUST-0124,ORD-2025107,2023-12-06,283.16,Fashion,West
CUST-0082,ORD-2025436,2023-12-06,384.44,Home & Living,North
CUST-0240,ORD-2025691,2023-12-07,117.0,Beauty,Central
CUST-0346,ORD-2024495,2023-12-07,69.29,Groceries,East
CUST-0121,ORD-2025486,2023-12-08,288.14,Electronics,Central
CUST-0773,ORD-2024294,2023-12-08,71.59,Home & Living,South
CUST-0291,ORD-2024029,2023-12-08,300.99,Sports,Central
CUST-0659,ORD-2024883,2023-12-08,93.45,Home & Living,West
CUST-0846,ORD-2023249,2023-12-09,107.11,Sports,East
CUST-0304,ORD-2023241,2023-12-09,74.42,Fashion,South
CUST-0439,ORD-2024500,2023-12-09,141.44,Sports,West
CUST-0210,ORD-2023775,2023-12-09,184.46,Home & Living,East
CUST-0452,ORD-2026162,2023-12-09,79.9,Beauty,East
CUST-0457,ORD-2025484,2023-12-09,140.79,Fashion,West
CUST-0677,ORD-2024004,2023-12-10,394.83,Home & Living,West
CUST-0551,ORD-2024039,2023-12-10,241.95,Electronics,West
CUST-0887,ORD-2024086,2023-12-11,61.61,Groceries,North
CUST-0524,ORD-2024508,2023-12-11,210.72,Beauty,West
CUST-0649,ORD-2025966,2023-12-11,140.77,Fashion,South
CUST-0196,ORD-2026284,2023-12-11,186.28,Sports,West
CUST-0531,ORD-2026303,2023-12-11,361.02,Electronics,South
CUST-0251,ORD-2023003,2023-12-12,82.84,Beauty,Central
CUST-0425,ORD-2024865,2023-12-12,80.43,Fashion,North
CUST-0655,ORD-2023352,2023-12-12,108.01,Sports,East
CUST-0606,ORD-2023747,2023-12-12,241.38,Home & Living,West
CUST-0664,ORD-2025490,2023-12-12,89.55,Beauty,South
CUST-0815,ORD-2023673,2023-12-13,376.98,Electronics,South
CUST-0881,ORD-2023557,2023-12-13,156.77,Sports,West
CUST-0126,ORD-2023382,2023-12-13,66.54,Groceries,South
CUST-0017,ORD-2024604,2023-12-13,48.14,Beauty,East
CUST-0317,ORD-2024362,2023-12-14,83.29,Beauty,East
CUST-0887,ORD-2024316,2023-12-14,78.39,Fashion,South
CUST-0601,ORD-2023583,2023-12-14,230.49,Fashion,West
CUST-0678,ORD-2025933,2023-12-15,90.37,Beauty,North
CUST-0173,ORD-2025896,2023-12-15,72.02,Groceries,Central
CUST-0688,ORD-2025664,2023-12-15,49.99,Fashion,East
CUST-0061,ORD-2024850,2023-12-15,110.4,Home & Living,South
CUST-0138,ORD-2025559,2023-12-15,171.95,Fashion,West
CUST-0691,ORD-2023288,2023-12-16,229.83,Sports,West
CUST-0461,ORD-2024552,2023-12-16,105.05,Sports,South
CUST-0714,ORD-2025457,2023-12-16,332.63,Electronics,Central
CUST-0419,ORD-2025759,2023-12-16,120.61,Beauty,Central
CUST-0279,ORD-2024008,2023-12-17,100.69,Sports,West
CUST-0424,ORD-2025479,2023-12-17,216.64,Electronics,West
CUST-0620,ORD-2026546,2023-12-17,57.5,Groceries,West
CUST-0513,ORD-2023474,2023-12-18,58.19,Groceries,West
CUST-0785,ORD-2025894,2023-12-18,182.36,Electronics,East
CUST-0445,ORD-2025963,2023-12-18,52.42,Groceries,Central
CUST-0759,ORD-2025796,2023-12-18,127.43,Fashion,North
CUST-0424,ORD-2023114,2023-12-18,269.79,Fashion,North
CUST-0710,ORD-2024611,2023-12-19,258.95,Sports,West
CUST-0765,ORD-2025728,2023-12-19,255.43,Home & Living,East
CUST-0046,ORD-2026319,2023-12-19,371.61,Sports,North
CUST-0464,ORD-2023452,2023-12-19,170.24,Beauty,East
CUST-0592,ORD-2023906,2023-12-19,197.55,Fashion,East
CUST-0002,ORD-2025564,2023-12-19,145.89,Fashion,South
CUST-0859,ORD-2023699,2023-12-19,109.75,Fashion,North
CUST-0039,ORD-2025619,2023-12-20,110.49,Home & Living,West
CUST-0178,ORD-2023430,2023-12-20,154.17,Home & Living,West
CUST-0025,ORD-2025007,2023-12-20,114.2,Beauty,East
CUST-0751,ORD-2024547,2023-12-20,81.16,Groceries,West
CUST-0301,ORD-2024486,2023-12-22,175.04,Sports,Central
CUST-0677,ORD-2024361,2023-12-22,93.06,Fashion,Central
CUST-0194,ORD-2023861,2023-12-22,93.29,Home & Living,South
CUST-0569,ORD-2024915,2023-12-22,62.44,Groceries,South
CUST-0408,ORD-2025626,2023-12-23,80.73,Fashion,South
CUST-0114,ORD-2026053,2023-12-23,105.46,Fashion,North
CUST-0716,ORD-2025395,2023-12-23,158.03,Sports,East
CUST-0265,ORD-2025566,2023-12-23,116.09,Fashion,West
CUST-0427,ORD-2024503,2023-12-24,164.08,Home & Living,North
CUST-0101,ORD-2024776,2023-12-24,149.56,Fashion,West
CUST-0052,ORD-2023621,2023-12-24,256.08,Home & Living,North
CUST-0890,ORD-2023008,2023-12-24,201.64,Electronics,East
CUST-0382,ORD-2024962,2023-12-24,106.54,Fashion,East
CUST-0233,ORD-2026556,2023-12-25,455.37,Home & Living,West
CUST-0571,ORD-2026451,2023-12-25,83.1,Fashion,North
CUST-0169,ORD-2025045,2023-12-25,155.63,Electronics,East
CUST-0104,ORD-2023264,2023-12-25,172.62,Electronics,West
CUST-0616,ORD-2024320,2023-12-25,147.4,Home & Living,West
CUST-0452,ORD-2026043,2023-12-25,59.53,Groceries,North
CUST-0058,ORD-2023496,2023-12-25,170.51,Fashion,Central
CUST-0261,ORD-2023877,2023-12-26,65.54,Groceries,West
CUST-0206,ORD-2026530,2023-12-26,125.57,Beauty,West
CUST-0827,ORD-2026274,2023-12-26,368.57,Electronics,South
CUST-0787,ORD-2023845,2023-12-26,71.1,Groceries,Central
CUST-0017,ORD-2025393,2023-12-26,135.75,Fashion,South
CUST-0586,ORD-2023922,2023-12-27,83.71,Fashion,West
CUST-0591,ORD-2024117,2023-12-27,171.69,Home & Living,South
CUST-0659,ORD-2025326,2023-12-27,445.44,Sports,West
CUST-0165,ORD-2025942,2023-12-27,552.11,Home & Living,North
CUST-0205,ORD-2024994,2023-12-27,276.47,Home & Living,South
CUST-0228,ORD-2025873,2023-12-28,389.88,Home & Living,West
CUST-0718,ORD-2024469,2023-12-29,154.73,Home & Living,East
CUST-0348,ORD-2023802,2023-12-29,61.85,Beauty,West
CUST-0213,ORD-2025837,2023-12-29,51.91,Groceries,North
CUST-0350,ORD-2025917,2023-12-29,392.34,Home & Living,South
CUST-0684,ORD-2023277,2023-12-29,51.73,Groceries,North
CUST-0260,ORD-2024818,2023-12-30,80.95,Electronics,West
CUST-0552,ORD-2025869,2023-12-30,59.9,Groceries,West
CUST-0074,ORD-2024314,2023-12-31,262.89,Sports,East
CUST-0414,ORD-2023704,2023-12-31,351.44,Electronics,North
CUST-0286,ORD-2023200,2023-12-31,87.64,Fashion,West
CUST-0206,ORD-2026013,2023-12-31,149.97,Home & Living,Central
CUST-0706,ORD-2024563,2023-12-31,387.66,Electronics,West
CUST-0810,ORD-2026292,2023-12-31,85.87,Beauty,North
CUST-0377,ORD-2024045,2024-01-01,71.36,Beauty,South
CUST-0083,ORD-2024083,2024-01-01,121.8,Beauty,West
CUST-0659,ORD-2025522,2024-01-01,43.19,Groceries,South
CUST-0257,ORD-2026216,2024-01-01,80.44,Electronics,Central
CUST-0382,ORD-2025853,2024-01-01,93.8,Beauty,West
CUST-0875,ORD-2024615,2024-01-01,162.5,Sports,North
CUST-0621,ORD-2023647,2024-01-01,80.76,Fashion,North
CUST-0803,ORD-2024196,2024-01-02,95.58,Beauty,West
CUST-0457,ORD-2024558,2024-01-02,542.45,Electronics,Central
CUST-0166,ORD-2023369,2024-01-02,447.24,Electronics,North
CUST-0813,ORD-2025325,2024-01-02,76.39,Sports,South
CUST-0786,ORD-2023902,2024-01-03,127.07,Fashion,West
CUST-0047,ORD-2023530,2024-01-03,83.96,Beauty,West
CUST-0582,ORD-2025916,2024-01-04,424.64,Home & Living,West
CUST-0291,ORD-2023952,2024-01-04,51.7,Groceries,South
CUST-0552,ORD-2023259,2024-01-04,56.73,Beauty,East
CUST-0632,ORD-2023525,2024-01-04,134.46,Beauty,North
CUST-0558,ORD-2025461,2024-01-04,44.66,Groceries,South
CUST-0251,ORD-2024746,2024-01-04,56.9,Fashion,North
CUST-0330,ORD-2023388,2024-01-05,40.36,Fashion,West
CUST-0833,ORD-2025900,2024-01-05,159.88,Home & Living,Central
CUST-0139,ORD-2025369,2024-01-05,146.22,Fashion,North
CUST-0457,ORD-2025176,2024-01-05,154.13,Home & Living,North
CUST-0682,ORD-2023920,2024-01-05,99.61,Fashion,West
CUST-0517,ORD-2026422,2024-01-06,38.67,Groceries,West
CUST-0254,ORD-2023774,2024-01-06,89.38,Home & Living,East
CUST-0371,ORD-2025973,2024-01-06,142.84,Fashion,East
CUST-0066,ORD-2025380,2024-01-06,55.25,Beauty,East
CUST-0521,ORD-2025535,2024-01-06,44.37,Groceries,North
CUST-0730,ORD-2025409,2024-01-07,146.95,Home & Living,South
CUST-0690,ORD-2024188,2024-01-07,101.25,Fashion,South
CUST-0658,ORD-2024970,2024-01-07,127.7,Sports,South
CUST-0789,ORD-2025371,2024-01-07,165.99,Fashion,West
CUST-0570,ORD-2026080,2024-01-07,172.1,Sports,Central
CUST-0054,ORD-2025499,2024-01-07,155.53,Electronics,North
CUST-0159,ORD-2023258,2024-01-07,37.97,Groceries,South
CUST-0375,ORD-2023513,2024-01-07,62.55,Fashion,West
CUST-0329,ORD-2023384,2024-01-08,311.46,Home & Living,East
CUST-0677,ORD-2023380,2024-01-08,101.78,Home & Living,West
CUST-0373,ORD-2024351,2024-01-08,160.28,Sports,North
CUST-0394,ORD-2026014,2024-01-08,109.69,Home & Living,North
CUST-0738,ORD-2025466,2024-01-08,62.17,Beauty,South
CUST-0657,ORD-2025165,2024-01-09,80.49,Groceries,West
CUST-0531,ORD-2025262,2024-01-09,191.68,Home & Living,South
CUST-0551,ORD-2024223,2024-01-09,31.64,Groceries,East
CUST-0213,ORD-2023989,2024-01-09,152.35,Sports,West
CUST-0396,ORD-2024719,2024-01-09,78.2,Beauty,East
CUST-0386,ORD-2024435,2024-01-09,58.01,Beauty,West
CUST-0385,ORD-2025065,2024-01-10,221.82,Electronics,West
CUST-0098,ORD-2023081,2024-01-10,194.4,Sports,West
CUST-0534,ORD-2023536,2024-01-10,284.96,Electronics,West
CUST-0172,ORD-2025774,2024-01-10,50.21,Groceries,South
CUST-0284,ORD-2025256,2024-01-10,224.0,Home & Living,South
CUST-0307,ORD-2026458,2024-01-11,115.41,Beauty,South
CUST-0850,ORD-2023744,2024-01-11,155.77,Home & Living,North
CUST-0330,ORD-2023119,2024-01-11,28.08,Groceries,North
CUST-0465,ORD-2025118,2024-01-11,116.28,Electronics,West
CUST-0447,ORD-2025906,2024-01-11,279.42,Electronics,East
CUST-0497,ORD-2023552,2024-01-11,60.73,Beauty,East
CUST-0866,ORD-2023581,2024-01-11,41.63,Groceries,North
CUST-0063,ORD-2024289,2024-01-11,645.51,Electronics,Central
CUST-0765,ORD-2023034,2024-01-11,102.82,Home & Living,East
CUST-0684,ORD-2025543,2024-01-11,172.79,Home & Living,East
CUST-0299,ORD-2023376,2024-01-11,54.04,Beauty,East
CUST-0039,ORD-2023959,2024-01-12,56.92,Groceries,North
CUST-0069,ORD-2025890,2024-01-12,45.47,Groceries,North
CUST-0286,ORD-2023350,2024-01-12,400.52,Home & Living,West
CUST-0098,ORD-2023355,2024-01-12,103.56,Sports,West
CUST-0497,ORD-2025321,2024-01-13,164.41,Home & Living,North
CUST-0210,ORD-2024131,2024-01-13,215.26,Fashion,North
CUST-0145,ORD-2023587,2024-01-13,363.02,Electronics,North
CUST-0746,ORD-2025578,2024-01-14,182.6,Home & Living,South
CUST-0887,ORD-2025748,2024-01-14,99.14,Fashion,West
CUST-0715,ORD-2024871,2024-01-14,79.12,Fashion,North
CUST-0142,ORD-2025805,2024-01-14,140.48,Home & Living,East
CUST-0160,ORD-2025215,2024-01-15,289.07,Home & Living,North
CUST-0001,ORD-2024648,2024-01-15,124.2,Beauty,North
CUST-0696,ORD-2025258,2024-01-16,106.75,Home & Living,East
CUST-0560,ORD-2026115,2024-01-16,89.27,Sports,West
CUST-0592,ORD-2025598,2024-01-16,56.83,Groceries,East
CUST-0023,ORD-2023726,2024-01-16,211.28,Electronics,North
CUST-0049,ORD-2024676,2024-01-16,184.48,Home & Living,East
CUST-0350,ORD-2025745,2024-01-17,46.93,Fashion,South
CUST-0187,ORD-2023125,2024-01-17,117.08,Sports,North
CUST-0748,ORD-2024861,2024-01-17,190.91,Electronics,Central
CUST-0807,ORD-2024686,2024-01-17,87.06,Home & Living,Central
CUST-0449,ORD-2023208,2024-01-17,146.86,Home & Living,West
CUST-0650,ORD-2025099,2024-01-17,100.57,Fashion,West
CUST-0340,ORD-2024669,2024-01-18,37.73,Groceries,North
CUST-0003,ORD-2025460,2024-01-18,41.47,Groceries,South
CUST-0761,ORD-2025400,2024-01-18,58.22,Fashion,West
CUST-0591,ORD-2026406,2024-01-18,173.7,Fashion,West
CUST-0164,ORD-2025239,2024-01-18,65.37,Fashion,East
CUST-0649,ORD-2023252,2024-01-18,57.89,Groceries,Central
CUST-0548,ORD-2023050,2024-01-18,79.29,Groceries,West
CUST-0853,ORD-2024275,2024-01-18,66.11,Beauty,Central
CUST-0655,ORD-2025195,2024-01-18,121.67,Sports,East
CUST-0640,ORD-2024420,2024-01-19,145.45,Fashion,South
CUST-0419,ORD-2025133,2024-01-19,55.96,Groceries,East
CUST-0241,ORD-2025924,2024-01-19,263.82,Home & Living,South
CUST-0382,ORD-2026404,2024-01-19,144.19,Fashion,West
CUST-0147,ORD-2024026,2024-01-19,189.12,Sports,East
CUST-0357,ORD-2025441,2024-01-19,130.92,Beauty,South
CUST-0570,ORD-2026084,2024-01-19,284.55,Electronics,West
CUST-0655,ORD-2025026,2024-01-19,129.48,Home & Living,West
CUST-0238,ORD-2023880,2024-01-19,101.53,Sports,Central
CUST-0540,ORD-2023340,2024-01-19,104.11,Sports,West
CUST-0025,ORD-2024539,2024-01-20,136.09,Home & Living,East
CUST-0327,ORD-2025194,2024-01-20,133.07,Fashion,South
CUST-0167,ORD-2025088,2024-01-21,43.34,Beauty,West
CUST-0034,ORD-2025891,2024-01-22,200.1,Home & Living,West
CUST-0853,ORD-2024476,2024-01-22,194.99,Fashion,West
CUST-0140,ORD-2024096,2024-01-22,60.22,Groceries,East
CUST-0782,ORD-2026331,2024-01-23,83.12,Fashion,South
CUST-0881,ORD-2025846,2024-01-23,250.48,Sports,North
CUST-0153,ORD-2023331,2024-01-23,191.16,Sports,East
CUST-0059,ORD-2024805,2024-01-23,424.35,Electronics,East
CUST-0595,ORD-2023296,2024-01-23,229.91,Electronics,West
CUST-0153,ORD-2024245,2024-01-23,192.95,Home & Living,Central
CUST-0157,ORD-2023888,2024-01-24,59.07,Groceries,West
CUST-0754,ORD-2024628,2024-01-24,97.36,Sports,West
CUST-0892,ORD-2026442,2024-01-25,69.52,Fashion,East
CUST-0017,ORD-2024950,2024-01-25,185.75,Home & Living,West
CUST-0729,ORD-2024218,2024-01-25,300.63,Home & Living,West
CUST-0635,ORD-2026018,2024-01-25,134.61,Home & Living,South
CUST-0835,ORD-2026261,2024-01-25,69.26,Electronics,South
CUST-0741,ORD-2025200,2024-01-25,74.49,Fashion,East
CUST-0849,ORD-2023652,2024-01-26,50.03,Groceries,West
CUST-0034,ORD-2024599,2024-01-26,111.6,Home & Living,North
CUST-0290,ORD-2026465,2024-01-26,222.31,Sports,North
CUST-0677,ORD-2026598,2024-01-26,33.99,Groceries,North
CUST-0346,ORD-2023308,2024-01-26,147.97,Sports,West
CUST-0708,ORD-2023599,2024-01-26,91.84,Fashion,West
CUST-0698,ORD-2024097,2024-01-26,45.4,Fashion,Central
CUST-0472,ORD-2023883,2024-01-27,67.45,Fashion,South
CUST-0806,ORD-2023432,2024-01-27,141.25,Fashion,West
CUST-0282,ORD-2023383,2024-01-27,123.35,Home & Living,West
CUST-0829,ORD-2026134,2024-01-27,267.02,Home & Living,North
CUST-0841,ORD-2023093,2024-01-27,81.87,Beauty,East
CUST-0534,ORD-2024109,2024-01-28,36.96,Groceries,East
CUST-0472,ORD-2025049,2024-01-28,367.74,Home & Living,West
CUST-0887,ORD-2024040,2024-01-28,44.57,Groceries,Central
CUST-0845,ORD-2024876,2024-01-28,102.06,Fashion,South
CUST-0622,ORD-2024531,2024-01-28,46.58,Beauty,West
CUST-0287,ORD-2026302,2024-01-29,51.97,Fashion,Central
CUST-0314,ORD-2023929,2024-01-29,199.37,Fashion,East
CUST-0259,ORD-2023740,2024-01-29,237.21,Electronics,North
CUST-0705,ORD-2026093,2024-01-29,142.82,Home & Living,West
CUST-0371,ORD-2026231,2024-01-29,524.5,Electronics,North
CUST-0288,ORD-2025778,2024-01-29,39.64,Groceries,East
CUST-0305,ORD-2025110,2024-01-29,84.5,Fashion,West
CUST-0543,ORD-2023300,2024-01-30,218.77,Electronics,West
CUST-0834,ORD-2023091,2024-01-30,105.33,Fashion,West
CUST-0097,ORD-2026366,2024-01-30,122.81,Fashion,South
CUST-0379,ORD-2024841,2024-01-31,24.21,Groceries,Central
CUST-0267,ORD-2025926,2024-01-31,131.93,Home & Living,East
CUST-0290,ORD-2024737,2024-01-31,145.11,Fashion,West
CUST-0343,ORD-2023935,2024-01-31,135.6,Fashion,South
CUST-0371,ORD-2023322,2024-01-31,96.59,Sports,Central
CUST-0319,ORD-2026213,2024-01-31,63.38,Beauty,North
CUST-0210,ORD-2025506,2024-01-31,60.15,Electronics,Central
CUST-0424,ORD-2023448,2024-01-31,264.94,Electronics,West
CUST-0351,ORD-2023818,2024-01-31,114.49,Beauty,West
CUST-0542,ORD-2026164,2024-02-01,184.86,Electronics,Central
CUST-0394,ORD-2026038,2024-02-01,217.55,Home & Living,South
CUST-0666,ORD-2024992,2024-02-01,105.75,Beauty,Central
CUST-0599,ORD-2025173,2024-02-02,30.3,Groceries,West
CUST-0126,ORD-2023925,2024-02-02,55.05,Home & Living,North
CUST-0595,ORD-2025498,2024-02-02,34.6,Groceries,East
CUST-0453,ORD-2025958,2024-02-02,28.84,Beauty,Central
CUST-0302,ORD-2026029,2024-02-02,118.94,Home & Living,West
CUST-0597,ORD-2023596,2024-02-03,185.63,Home & Living,Central
CUST-0332,ORD-2023691,2024-02-03,31.11,Beauty,West
CUST-0865,ORD-2025939,2024-02-04,118.65,Sports,South
CUST-0121,ORD-2025798,2024-02-04,109.54,Sports,South
CUST-0721,ORD-2024738,2024-02-04,329.19,Home & Living,East
CUST-0678,ORD-2026062,2024-02-04,47.57,Groceries,South
CUST-0536,ORD-2024147,2024-02-05,234.08,Electronics,West
CUST-0620,ORD-2024654,2024-02-05,122.38,Fashion,West
CUST-0887,ORD-2025032,2024-02-05,154.29,Fashion,West
CUST-0714,ORD-2025546,2024-02-06,240.51,Home & Living,Central
CUST-0710,ORD-2026045,2024-02-06,168.5,Electronics,West
CUST-0193,ORD-2025528,2024-02-06,36.15,Groceries,South
CUST-0311,ORD-2023233,2024-02-07,92.81,Fashion,East
CUST-0559,ORD-2025041,2024-02-07,62.38,Sports,West
CUST-0456,ORD-2025078,2024-02-08,178.17,Fashion,North
CUST-0679,ORD-2024155,2024-02-08,158.99,Electronics,South
CUST-0706,ORD-2023872,2024-02-08,37.57,Groceries,West
CUST-0261,ORD-2023553,2024-02-08,23.62,Groceries,East
CUST-0325,ORD-2026025,2024-02-08,132.25,Sports,South
CUST-0636,ORD-2024935,2024-02-08,42.5,Fashion,Central
CUST-0340,ORD-2023837,2024-02-08,34.11,Groceries,East
CUST-0721,ORD-2023811,2024-02-08,35.83,Groceries,East
CUST-0292,ORD-2025773,2024-02-08,384.16,Electronics,North
CUST-0149,ORD-2025555,2024-02-09,74.69,Beauty,North
CUST-0346,ORD-2025181,2024-02-09,315.15,Electronics,East
CUST-0678,ORD-2024190,2024-02-09,76.19,Beauty,South
CUST-0258,ORD-2026453,2024-02-09,243.19,Sports,East
CUST-0227,ORD-2023214,2024-02-10,168.59,Beauty,Central
CUST-0419,ORD-2025015,2024-02-10,33.94,Beauty,South
CUST-0490,ORD-2024133,2024-02-10,30.76,Groceries,South
CUST-0858,ORD-2025196,2024-02-10,172.47,Sports,East
CUST-0823,ORD-2025880,2024-02-10,97.96,Fashion,Central
CUST-0602,ORD-2023510,2024-02-10,60.94,Beauty,West
CUST-0088,ORD-2024890,2024-02-11,80.34,Fashion,Central
CUST-0277,ORD-2025106,2024-02-11,30.59,Groceries,North
CUST-0267,ORD-2024403,2024-02-11,61.62,Fashion,North
CUST-0424,ORD-2025299,2024-02-11,51.93,Groceries,North
CUST-0756,ORD-2025474,2024-02-11,564.59,Electronics,West
CUST-0044,ORD-2023533,2024-02-11,114.21,Fashion,East
CUST-0881,ORD-2025741,2024-02-12,236.97,Home & Living,West
CUST-0391,ORD-2023017,2024-02-12,237.98,Electronics,South
CUST-0290,ORD-2024594,2024-02-12,170.32,Home & Living,South
CUST-0452,ORD-2026265,2024-02-12,253.9,Electronics,Central
CUST-0318,ORD-2023232,2024-02-12,381.92,Electronics,Central
CUST-0235,ORD-2026039,2024-02-12,36.88,Groceries,South
CUST-0499,ORD-2026198,2024-02-12,38.17,Groceries,West
CUST-0897,ORD-2025830,2024-02-13,250.23,Electronics,South
CUST-0370,ORD-2026236,2024-02-13,53.06,Home & Living,West
CUST-0859,ORD-2025491,2024-02-13,108.98,Fashion,West
CUST-0881,ORD-2023222,2024-02-13,140.62,Electronics,Central
CUST-0725,ORD-2026124,2024-02-13,90.66,Beauty,South
CUST-0721,ORD-2023289,2024-02-13,51.05,Groceries,North
CUST-0162,ORD-2025496,2024-02-14,46.04,Beauty,North
CUST-0809,ORD-2023312,2024-02-14,74.38,Fashion,West
CUST-0002,ORD-2025022,2024-02-14,273.28,Home & Living,North
CUST-0714,ORD-2024106,2024-02-14,131.62,Home & Living,North
CUST-0428,ORD-2025265,2024-02-15,101.83,Home & Living,South
CUST-0751,ORD-2026291,2024-02-15,197.21,Home & Living,South
CUST-0403,ORD-2023198,2024-02-15,37.94,Beauty,West
CUST-0127,ORD-2025992,2024-02-15,267.42,Home & Living,West
CUST-0828,ORD-2024194,2024-02-15,58.97,Groceries,North
CUST-0397,ORD-2024617,2024-02-16,63.8,Fashion,West
CUST-0537,ORD-2023949,2024-02-16,117.68,Home & Living,North
CUST-0267,ORD-2025576,2024-02-16,84.52,Beauty,West
CUST-0282,ORD-2025527,2024-02-16,33.31,Groceries,West
CUST-0449,ORD-2023215,2024-02-17,38.53,Groceries,Central
CUST-0598,ORD-2025820,2024-02-17,205.83,Fashion,East
CUST-0226,ORD-2025560,2024-02-17,264.59,Electronics,Central
CUST-0614,ORD-2024251,2024-02-17,352.44,Home & Living,West
CUST-0477,ORD-2025622,2024-02-17,121.2,Electronics,South
CUST-0453,ORD-2023413,2024-02-18,81.85,Sports,West
CUST-0203,ORD-2023498,2024-02-18,147.73,Home & Living,West
CUST-0350,ORD-2023807,2024-02-18,333.98,Electronics,East
CUST-0121,ORD-2023411,2024-02-19,122.5,Fashion,South
CUST-0542,ORD-2024310,2024-02-19,118.38,Fashion,North
CUST-0066,ORD-2023373,2024-02-19,78.99,Fashion,East
CUST-0059,ORD-2025472,2024-02-19,58.49,Fashion,North
CUST-0842,ORD-2026535,2024-02-19,109.44,Fashion,West
CUST-0494,ORD-2024697,2024-02-19,133.16,Sports,South
CUST-0768,ORD-2025839,2024-02-19,151.62,Electronics,West
CUST-0404,ORD-2024269,2024-02-20,473.42,Electronics,East
CUST-0739,ORD-2025981,2024-02-20,172.88,Sports,Central
CUST-0815,ORD-2024603,2024-02-20,430.73,Electronics,West
CUST-0767,ORD-2025464,2024-02-20,36.32,Groceries,South
CUST-0707,ORD-2025463,2024-02-21,221.97,Electronics,East
CUST-0849,ORD-2025959,2024-02-21,56.39,Fashion,North
CUST-0033,ORD-2025818,2024-02-21,64.72,Groceries,West
CUST-0416,ORD-2025403,2024-02-21,120.46,Fashion,North
CUST-0417,ORD-2026057,2024-02-22,200.02,Home & Living,East
CUST-0157,ORD-2026599,2024-02-22,143.81,Sports,West
CUST-0229,ORD-2023470,2024-02-22,357.24,Home & Living,North
CUST-0538,ORD-2023546,2024-02-22,89.09,Home & Living,East
CUST-0083,ORD-2025852,2024-02-22,86.24,Beauty,West
CUST-0537,ORD-2026092,2024-02-22,133.62,Sports,South
CUST-0151,ORD-2024880,2024-02-22,74.82,Fashion,South
CUST-0396,ORD-2023051,2024-02-23,87.46,Fashion,West
CUST-0735,ORD-2025722,2024-02-23,45.23,Beauty,North
CUST-0528,ORD-2023582,2024-02-23,38.17,Groceries,East
CUST-0774,ORD-2026419,2024-02-23,146.04,Sports,North
CUST-0633,ORD-2024761,2024-02-23,87.59,Electronics,North
CUST-0844,ORD-2023555,2024-02-23,45.91,Groceries,South
CUST-0128,ORD-2025074,2024-02-23,125.44,Fashion,North
CUST-0062,ORD-2026397,2024-02-23,494.97,Electronics,West
CUST-0013,ORD-2023197,2024-02-24,203.25,Home & Living,South
CUST-0165,ORD-2024313,2024-02-24,114.26,Home & Living,East
CUST-0013,ORD-2024946,2024-02-24,180.97,Home & Living,West
CUST-0718,ORD-2024731,2024-02-24,147.76,Home & Living,Central
CUST-0367,ORD-2025875,2024-02-24,418.29,Home & Living,West
CUST-0390,ORD-2023075,2024-02-25,84.14,Sports,West
CUST-0259,ORD-2025246,2024-02-25,169.3,Electronics,East
CUST-0130,ORD-2025036,2024-02-25,46.72,Groceries,East
CUST-0228,ORD-2025191,2024-02-26,68.27,Fashion,East
CUST-0345,ORD-2024732,2024-02-27,187.63,Fashion,West
CUST-0229,ORD-2023703,2024-02-27,217.79,Electronics,East
CUST-0222,ORD-2025693,2024-02-27,62.48,Fashion,North
CUST-0167,ORD-2024430,2024-02-27,44.66,Groceries,South
CUST-0472,ORD-2026333,2024-02-27,133.71,Beauty,East
CUST-0860,ORD-2025266,2024-02-27,123.23,Fashion,South
CUST-0381,ORD-2025096,2024-02-28,59.65,Groceries,North
CUST-0888,ORD-2023196,2024-02-28,66.64,Groceries,South
CUST-0375,ORD-2025025,2024-02-28,44.08,Groceries,West
CUST-0260,ORD-2025851,2024-02-28,336.15,Electronics,West
CUST-0243,ORD-2024127,2024-02-29,64.31,Beauty,West
CUST-0378,ORD-2023179,2024-02-29,155.73,Electronics,Central
CUST-0139,ORD-2023154,2024-02-29,90.57,Home & Living,South
CUST-0483,ORD-2024272,2024-02-29,140.06,Electronics,South
CUST-0054,ORD-2025557,2024-03-01,76.0,Sports,East
CUST-0424,ORD-2024141,2024-03-01,124.87,Fashion,Central
CUST-0687,ORD-2026185,2024-03-02,61.89,Electronics,West
CUST-0251,ORD-2025761,2024-03-02,414.04,Electronics,West
CUST-0173,ORD-2025394,2024-03-02,54.66,Fashion,West
CUST-0853,ORD-2023625,2024-03-02,48.88,Groceries,South
CUST-0475,ORD-2025444,2024-03-02,47.76,Groceries,East
CUST-0254,ORD-2024609,2024-03-02,249.16,Electronics,West
CUST-0756,ORD-2026167,2024-03-03,88.5,Beauty,East
CUST-0029,ORD-2023705,2024-03-03,50.48,Groceries,South
CUST-0182,ORD-2025947,2024-03-03,214.94,Electronics,South
CUST-0068,ORD-2023487,2024-03-03,74.43,Beauty,Central
CUST-0424,ORD-2026298,2024-03-03,112.2,Sports,East
CUST-0475,ORD-2023257,2024-03-03,183.88,Home & Living,East
CUST-0537,ORD-2025551,2024-03-05,135.94,Sports,North
CUST-0743,ORD-2026484,2024-03-05,227.67,Home & Living,Central
CUST-0262,ORD-2024560,2024-03-06,131.07,Fashion,East
CUST-0330,ORD-2023483,2024-03-07,86.43,Fashion,South
CUST-0645,ORD-2024874,2024-03-07,92.74,Fashion,Central
CUST-0641,ORD-2025004,2024-03-07,424.54,Electronics,Central
CUST-0627,ORD-2024274,2024-03-07,134.7,Sports,South
CUST-0228,ORD-2023924,2024-03-07,110.49,Fashion,North
CUST-0716,ORD-2026376,2024-03-07,122.39,Electronics,South
CUST-0691,ORD-2024726,2024-03-07,101.51,Fashion,East
CUST-0471,ORD-2023014,2024-03-07,201.73,Home & Living,West
CUST-0090,ORD-2024343,2024-03-07,60.18,Fashion,South
CUST-0616,ORD-2024504,2024-03-08,187.97,Fashion,West
CUST-0447,ORD-2025282,2024-03-08,166.98,Sports,South
CUST-0007,ORD-2026176,2024-03-08,90.69,Home & Living,East
CUST-0426,ORD-2026396,2024-03-08,196.6,Fashion,South
CUST-0397,ORD-2023817,2024-03-08,122.84,Fashion,West
CUST-0216,ORD-2026478,2024-03-09,448.65,Electronics,South
CUST-0451,ORD-2023026,2024-03-09,192.77,Electronics,East
CUST-0248,ORD-2023962,2024-03-09,144.33,Home & Living,West
CUST-0005,ORD-2025301,2024-03-09,44.96,Groceries,North
CUST-0685,ORD-2024643,2024-03-09,133.63,Fashion,West
CUST-0829,ORD-2025552,2024-03-09,139.76,Home & Living,West
CUST-0265,ORD-2025716,2024-03-10,42.2,Groceries,South
CUST-0090,ORD-2025251,2024-03-10,120.96,Home & Living,East
CUST-0892,ORD-2025614,2024-03-10,317.81,Electronics,East
CUST-0141,ORD-2024061,2024-03-11,88.1,Home & Living,East
CUST-0646,ORD-2024318,2024-03-11,192.52,Home & Living,North
CUST-0762,ORD-2023526,2024-03-11,209.44,Home & Living,West
CUST-0325,ORD-2025898,2024-03-11,206.01,Sports,North
CUST-0557,ORD-2023130,2024-03-11,177.54,Sports,West
CUST-0216,ORD-2023551,2024-03-12,384.75,Home & Living,Central
CUST-0720,ORD-2025002,2024-03-12,131.63,Sports,North
CUST-0231,ORD-2023262,2024-03-12,52.6,Groceries,Central
CUST-0053,ORD-2023638,2024-03-12,51.35,Beauty,West
CUST-0493,ORD-2025965,2024-03-12,177.13,Electronics,North
CUST-0004,ORD-2024751,2024-03-12,202.56,Home & Living,East
CUST-0553,ORD-2025568,2024-03-12,19.31,Groceries,East
CUST-0718,ORD-2026091,2024-03-13,373.1,Home & Living,North
CUST-0819,ORD-2025175,2024-03-13,47.91,Groceries,West
CUST-0157,ORD-2026277,2024-03-13,367.02,Home & Living,West
CUST-0020,ORD-2026004,2024-03-13,72.65,Beauty,South
CUST-0592,ORD-2023738,2024-03-13,282.87,Fashion,North
CUST-0226,ORD-2025375,2024-03-13,85.08,Fashion,Central
CUST-0124,ORD-2025823,2024-03-13,130.12,Sports,North
CUST-0178,ORD-2026158,2024-03-13,66.66,Beauty,West
CUST-0838,ORD-2023261,2024-03-14,85.19,Fashion,Central
CUST-0488,ORD-2024234,2024-03-14,84.49,Home & Living,East
CUST-0130,ORD-2025115,2024-03-14,35.98,Groceries,West
CUST-0165,ORD-2025653,2024-03-14,85.81,Groceries,North
CUST-0490,ORD-2024532,2024-03-14,65.6,Beauty,West
CUST-0059,ORD-2024910,2024-03-14,137.9,Fashion,East
CUST-0004,ORD-2026373,2024-03-14,39.65,Groceries,Central
CUST-0657,ORD-2026523,2024-03-14,56.12,Groceries,Central
CUST-0838,ORD-2024904,2024-03-14,70.97,Fashion,East
CUST-0122,ORD-2026586,2024-03-14,153.7,Electronics,East
CUST-0861,ORD-2024744,2024-03-15,172.42,Sports,Central
CUST-0502,ORD-2026246,2024-03-15,74.49,Fashion,North
CUST-0854,ORD-2025098,2024-03-15,167.27,Fashion,South
CUST-0130,ORD-2024308,2024-03-15,37.26,Groceries,North
CUST-0137,ORD-2026026,2024-03-16,226.97,Electronics,Central
CUST-0714,ORD-2025274,2024-03-16,123.5,Beauty,West
CUST-0301,ORD-2025396,2024-03-16,334.14,Home & Living,West
CUST-0160,ORD-2023229,2024-03-16,36.28,Beauty,North
CUST-0807,ORD-2024808,2024-03-16,143.73,Home & Living,South
CUST-0404,ORD-2023800,2024-03-17,42.47,Groceries,North
CUST-0638,ORD-2026154,2024-03-17,148.86,Fashion,South
CUST-0315,ORD-2023460,2024-03-17,171.42,Fashion,North
CUST-0819,ORD-2025616,2024-03-17,180.22,Home & Living,East
CUST-0896,ORD-2023715,2024-03-18,44.1,Beauty,North
CUST-0225,ORD-2025291,2024-03-18,99.41,Beauty,East
CUST-0190,ORD-2024749,2024-03-18,58.05,Groceries,North
CUST-0358,ORD-2025422,2024-03-18,117.81,Beauty,North
CUST-0694,ORD-2023298,2024-03-18,150.46,Sports,South
CUST-0018,ORD-2023039,2024-03-19,99.45,Fashion,South
CUST-0307,ORD-2024507,2024-03-19,167.96,Electronics,East
CUST-0029,ORD-2026114,2024-03-19,62.07,Beauty,South
CUST-0550,ORD-2024662,2024-03-19,82.24,Fashion,East
CUST-0082,ORD-2024464,2024-03-19,55.6,Fashion,East
CUST-0129,ORD-2025684,2024-03-19,123.08,Sports,South
CUST-0165,ORD-2024412,2024-03-19,97.39,Home & Living,South
CUST-0543,ORD-2026402,2024-03-19,44.75,Groceries,South
CUST-0690,ORD-2025237,2024-03-19,140.45,Home & Living,South
CUST-0092,ORD-2023659,2024-03-20,54.01,Groceries,West
CUST-0655,ORD-2023577,2024-03-20,173.16,Home & Living,Central
CUST-0305,ORD-2025009,2024-03-20,25.8,Groceries,South
CUST-0809,ORD-2023737,2024-03-20,96.68,Electronics,North
CUST-0553,ORD-2024126,2024-03-21,37.14,Groceries,Central
CUST-0428,ORD-2024733,2024-03-21,126.66,Fashion,North
CUST-0066,ORD-2024130,2024-03-21,186.02,Home & Living,North
CUST-0153,ORD-2026142,2024-03-21,78.22,Beauty,North
CUST-0227,ORD-2024244,2024-03-21,356.26,Sports,East
CUST-0166,ORD-2026183,2024-03-21,99.96,Fashion,South
CUST-0350,ORD-2025309,2024-03-21,93.92,Fashion,South
CUST-0098,ORD-2024489,2024-03-21,74.22,Beauty,West
CUST-0227,ORD-2025013,2024-03-21,84.3,Fashion,East
CUST-0721,ORD-2023550,2024-03-22,218.62,Electronics,North
CUST-0686,ORD-2023787,2024-03-22,181.22,Electronics,North
CUST-0121,ORD-2024933,2024-03-22,164.86,Electronics,Central
CUST-0696,ORD-2025379,2024-03-22,39.01,Beauty,Central
CUST-0447,ORD-2026215,2024-03-22,45.99,Groceries,North
CUST-0311,ORD-2024934,2024-03-23,382.02,Electronics,South
CUST-0546,ORD-2023710,2024-03-23,38.14,Groceries,East
CUST-0637,ORD-2025425,2024-03-23,56.08,Groceries,Central
CUST-0548,ORD-2024129,2024-03-23,253.73,Electronics,North
CUST-0552,ORD-2025858,2024-03-23,157.53,Electronics,Central
CUST-0439,ORD-2025620,2024-03-24,69.23,Groceries,North
CUST-0146,ORD-2024068,2024-03-24,227.59,Electronics,North
CUST-0299,ORD-2023615,2024-03-24,251.97,Electronics,Central
CUST-0059,ORD-2024330,2024-03-24,99.15,Beauty,West
CUST-0034,ORD-2023421,2024-03-24,272.59,Home & Living,Central
CUST-0202,ORD-2025129,2024-03-24,118.7,Sports,Central
CUST-0130,ORD-2025046,2024-03-24,96.37,Home & Living,Central
CUST-0870,ORD-2024917,2024-03-25,31.63,Groceries,Central
CUST-0700,ORD-2024943,2024-03-25,152.57,Fashion,West
CUST-0379,ORD-2023210,2024-03-25,208.73,Fashion,North
CUST-0088,ORD-2026581,2024-03-25,158.94,Fashion,West
CUST-0262,ORD-2024389,2024-03-25,92.06,Fashion,West
CUST-0264,ORD-2025532,2024-03-25,41.55,Groceries,West
CUST-0470,ORD-2026325,2024-03-26,82.21,Fashion,South
CUST-0139,ORD-2025153,2024-03-26,324.15,Electronics,West
CUST-0245,ORD-2026037,2024-03-26,31.97,Groceries,South
CUST-0553,ORD-2026447,2024-03-26,70.36,Groceries,North
CUST-0794,ORD-2024893,2024-03-27,139.6,Home & Living,West
CUST-0174,ORD-2023391,2024-03-27,40.0,Groceries,South
CUST-0070,ORD-2026355,2024-03-28,34.57,Groceries,East
CUST-0109,ORD-2024694,2024-03-28,91.52,Sports,East
CUST-0712,ORD-2024681,2024-03-28,96.09,Beauty,East
CUST-0231,ORD-2025193,2024-03-29,76.44,Fashion,East
CUST-0293,ORD-2024301,2024-03-29,129.75,Electronics,West
CUST-0136,ORD-2026223,2024-03-29,50.79,Beauty,West
CUST-0048,ORD-2024241,2024-03-29,70.13,Fashion,West
CUST-0695,ORD-2023945,2024-03-29,122.37,Sports,East
CUST-0616,ORD-2025726,2024-03-29,170.37,Fashion,North
CUST-0126,ORD-2025762,2024-03-29,49.25,Groceries,West
CUST-0612,ORD-2026329,2024-03-30,67.19,Fashion,South
CUST-0653,ORD-2024891,2024-03-30,316.54,Home & Living,Central
CUST-0513,ORD-2025223,2024-03-30,48.0,Groceries,North
CUST-0670,ORD-2026589,2024-03-30,44.33,Beauty,South
CUST-0868,ORD-2023767,2024-03-30,50.31,Fashion,Central
CUST-0620,ORD-2025882,2024-03-31,72.83,Groceries,Central
CUST-0494,ORD-2024338,2024-03-31,123.16,Sports,East
CUST-0248,ORD-2024985,2024-03-31,59.15,Groceries,Central
CUST-0828,ORD-2024235,2024-03-31,571.87,Home & Living,North
CUST-0521,ORD-2026120,2024-03-31,43.56,Groceries,Central
CUST-0414,ORD-2025029,2024-04-01,99.67,Sports,West
CUST-0575,ORD-2026015,2024-04-01,77.2,Fashion,West
CUST-0056,ORD-2026330,2024-04-01,131.87,Sports,East
CUST-0175,ORD-2023785,2024-04-01,526.42,Home & Living,Central
CUST-0128,ORD-2023859,2024-04-01,194.97,Electronics,South
CUST-0627,ORD-2023481,2024-04-01,111.01,Home & Living,South
CUST-0670,ORD-2023831,2024-04-02,131.33,Home & Living,Central
CUST-0084,ORD-2026297,2024-04-02,116.88,Home & Living,East
CUST-0232,ORD-2024172,2024-04-02,85.53,Beauty,West
CUST-0390,ORD-2026384,2024-04-02,443.02,Electronics,East
CUST-0548,ORD-2023250,2024-04-02,271.77,Home & Living,North
CUST-0664,ORD-2024214,2024-04-03,38.2,Fashion,West
CUST-0305,ORD-2023178,2024-04-03,75.62,Home & Living,East
CUST-0567,ORD-2023669,2024-04-03,75.58,Fashion,South
CUST-0595,ORD-2026094,2024-04-03,90.3,Sports,North
CUST-0355,ORD-2024023,2024-04-04,187.89,Home & Living,North
CUST-0172,ORD-2025523,2024-04-04,35.27,Groceries,North
CUST-0066,ORD-2025478,2024-04-04,390.43,Electronics,North
CUST-0841,ORD-2025158,2024-04-04,99.45,Beauty,South
CUST-0139,ORD-2025271,2024-04-04,125.54,Fashion,South
CUST-0246,ORD-2025212,2024-04-04,112.23,Sports,East
CUST-0630,ORD-2023931,2024-04-04,52.58,Groceries,Central
CUST-0523,ORD-2025603,2024-04-04,118.68,Fashion,West
CUST-0290,ORD-2026412,2024-04-04,268.2,Electronics,South
CUST-0744,ORD-2023506,2024-04-04,407.07,Electronics,West
CUST-0711,ORD-2023403,2024-04-05,154.29,Home & Living,North
CUST-0317,ORD-2025177,2024-04-05,110.83,Sports,Central
CUST-0318,ORD-2024384,2024-04-05,38.49,Groceries,Central
CUST-0845,ORD-2024456,2024-04-06,70.5,Sports,East
CUST-0054,ORD-2026229,2024-04-06,52.56,Groceries,South
CUST-0735,ORD-2024595,2024-04-06,90.25,Fashion,South
CUST-0697,ORD-2023283,2024-04-06,40.06,Beauty,East
CUST-0346,ORD-2023226,2024-04-07,52.57,Groceries,Central
CUST-0232,ORD-2024225,2024-04-07,270.92,Home & Living,Central
CUST-0075,ORD-2026507,2024-04-07,139.6,Fashion,South
CUST-0032,ORD-2025288,2024-04-07,108.4,Sports,South
CUST-0598,ORD-2025711,2024-04-08,64.92,Beauty,North
CUST-0109,ORD-2023362,2024-04-08,195.68,Fashion,South
CUST-0687,ORD-2023531,2024-04-08,60.28,Fashion,Central
CUST-0858,ORD-2025171,2024-04-08,230.42,Electronics,South
CUST-0577,ORD-2024431,2024-04-08,47.32,Groceries,West
CUST-0497,ORD-2023545,2024-04-08,148.61,Sports,East
CUST-0305,ORD-2026343,2024-04-09,67.1,Beauty,South
CUST-0657,ORD-2023338,2024-04-09,428.71,Electronics,East
CUST-0569,ORD-2026169,2024-04-09,51.39,Beauty,West
CUST-0770,ORD-2023301,2024-04-09,78.59,Beauty,South
CUST-0778,ORD-2026438,2024-04-09,71.11,Sports,East
CUST-0196,ORD-2024682,2024-04-09,164.55,Electronics,South
CUST-0093,ORD-2024145,2024-04-10,111.32,Fashion,West
CUST-0075,ORD-2023728,2024-04-10,86.04,Sports,West
CUST-0840,ORD-2023291,2024-04-10,122.99,Electronics,East
CUST-0553,ORD-2026249,2024-04-10,57.23,Fashion,East
CUST-0770,ORD-2025283,2024-04-10,43.07,Home & Living,East
CUST-0456,ORD-2025279,2024-04-11,121.56,Fashion,South
CUST-0190,ORD-2025132,2024-04-11,269.24,Electronics,Central
CUST-0435,ORD-2023947,2024-04-11,114.03,Fashion,West
CUST-0540,ORD-2023064,2024-04-12,130.9,Electronics,West
CUST-0453,ORD-2024520,2024-04-12,178.89,Home & Living,West
CUST-0462,ORD-2023256,2024-04-12,92.5,Sports,South
CUST-0682,ORD-2024859,2024-04-12,50.4,Beauty,West
CUST-0426,ORD-2025174,2024-04-12,243.58,Electronics,West
CUST-0495,ORD-2026433,2024-04-12,67.03,Beauty,East
CUST-0736,ORD-2024782,2024-04-13,62.84,Fashion,South
CUST-0592,ORD-2025125,2024-04-13,304.37,Fashion,East
CUST-0828,ORD-2026463,2024-04-13,77.1,Fashion,South
CUST-0338,ORD-2024814,2024-04-13,46.26,Groceries,West
CUST-0045,ORD-2023071,2024-04-13,39.05,Groceries,Central
CUST-0160,ORD-2025941,2024-04-13,148.26,Home & Living,West
CUST-0821,ORD-2024877,2024-04-14,55.95,Groceries,West
CUST-0128,ORD-2023158,2024-04-14,109.44,Fashion,North
CUST-0468,ORD-2024482,2024-04-14,62.86,Groceries,West
CUST-0884,ORD-2023970,2024-04-14,256.28,Electronics,North
CUST-0871,ORD-2026358,2024-04-14,70.25,Beauty,Central
CUST-0190,ORD-2026022,2024-04-14,154.16,Sports,East
CUST-0033,ORD-2024064,2024-04-14,215.68,Fashion,East
CUST-0059,ORD-2023339,2024-04-14,295.14,Electronics,North
CUST-0666,ORD-2025670,2024-04-15,58.75,Groceries,North
CUST-0556,ORD-2024182,2024-04-15,119.4,Electronics,West
CUST-0318,ORD-2023366,2024-04-15,117.5,Beauty,North
CUST-0262,ORD-2025977,2024-04-15,382.99,Electronics,West
CUST-0511,ORD-2023770,2024-04-16,104.5,Home & Living,South
CUST-0542,ORD-2026575,2024-04-16,218.42,Electronics,West
CUST-0386,ORD-2026016,2024-04-17,104.37,Home & Living,West
CUST-0691,ORD-2025492,2024-04-17,64.92,Groceries,East
CUST-0669,ORD-2025829,2024-04-17,175.12,Home & Living,Central
CUST-0068,ORD-2025497,2024-04-18,63.73,Beauty,Central
CUST-0384,ORD-2025989,2024-04-18,126.01,Home & Living,North
CUST-0509,ORD-2024647,2024-04-18,46.6,Fashion,South
CUST-0705,ORD-2026528,2024-04-18,80.37,Beauty,West
CUST-0802,ORD-2023151,2024-04-19,290.78,Home & Living,Central
CUST-0177,ORD-2025121,2024-04-19,42.6,Groceries,East
CUST-0205,ORD-2025962,2024-04-19,43.99,Groceries,Central
CUST-0875,ORD-2024052,2024-04-19,38.37,Groceries,South
CUST-0675,ORD-2024633,2024-04-20,66.95,Fashion,Central
CUST-0176,ORD-2026430,2024-04-20,72.37,Home & Living,East
CUST-0428,ORD-2023449,2024-04-20,322.23,Sports,North
CUST-0684,ORD-2024442,2024-04-20,57.97,Groceries,South
CUST-0829,ORD-2026166,2024-04-21,73.3,Groceries,West
CUST-0890,ORD-2025706,2024-04-21,30.68,Fashion,East
CUST-0568,ORD-2024432,2024-04-21,95.59,Home & Living,North
CUST-0074,ORD-2025438,2024-04-21,228.13,Electronics,North
CUST-0110,ORD-2023336,2024-04-22,213.29,Sports,West
CUST-0612,ORD-2024263,2024-04-22,37.99,Groceries,East
CUST-0636,ORD-2024159,2024-04-22,266.6,Electronics,East
CUST-0237,ORD-2023760,2024-04-22,131.35,Fashion,Central
CUST-0736,ORD-2024137,2024-04-23,65.45,Beauty,North
CUST-0264,ORD-2023016,2024-04-23,87.16,Beauty,North
CUST-0814,ORD-2024277,2024-04-23,174.05,Home & Living,Central
CUST-0089,ORD-2023295,2024-04-23,66.2,Groceries,North
CUST-0793,ORD-2024236,2024-04-23,117.91,Home & Living,South
CUST-0061,ORD-2024132,2024-04-23,204.4,Electronics,East
CUST-0290,ORD-2023273,2024-04-23,319.39,Fashion,North
CUST-0779,ORD-2024696,2024-04-23,56.35,Home & Living,South
CUST-0243,ORD-2024903,2024-04-23,240.73,Electronics,East
CUST-0664,ORD-2023953,2024-04-23,58.24,Fashion,Central
CUST-0646,ORD-2024293,2024-04-24,116.18,Home & Living,East
CUST-0157,ORD-2023120,2024-04-24,278.68,Fashion,Central
CUST-0205,ORD-2025879,2024-04-24,56.33,Beauty,West
CUST-0019,ORD-2023047,2024-04-24,91.59,Home & Living,East
CUST-0360,ORD-2025221,2024-04-24,93.5,Home & Living,South
CUST-0876,ORD-2023117,2024-04-24,58.48,Electronics,West
CUST-0130,ORD-2023622,2024-04-24,106.27,Beauty,East
CUST-0241,ORD-2026295,2024-04-25,373.89,Home & Living,South
CUST-0069,ORD-2024302,2024-04-25,130.81,Sports,East
CUST-0729,ORD-2023341,2024-04-25,55.37,Beauty,West
CUST-0242,ORD-2026485,2024-04-25,47.57,Groceries,West
CUST-0684,ORD-2024875,2024-04-25,170.82,Home & Living,South
CUST-0578,ORD-2024291,2024-04-25,213.79,Electronics,West
CUST-0385,ORD-2024869,2024-04-26,42.71,Groceries,South
CUST-0685,ORD-2024857,2024-04-26,104.76,Fashion,East
CUST-0283,ORD-2023999,2024-04-26,62.48,Fashion,South
CUST-0498,ORD-2023422,2024-04-26,76.41,Beauty,East
CUST-0121,ORD-2024118,2024-04-26,41.68,Beauty,Central
CUST-0063,ORD-2024461,2024-04-26,36.85,Groceries,North
CUST-0721,ORD-2025347,2024-04-26,60.29,Sports,East
CUST-0543,ORD-2026472,2024-04-27,219.01,Sports,West
CUST-0343,ORD-2024341,2024-04-27,80.27,Home & Living,East
CUST-0590,ORD-2023982,2024-04-27,117.07,Home & Living,Central
CUST-0401,ORD-2025225,2024-04-28,64.56,Groceries,South
CUST-0553,ORD-2023164,2024-04-28,84.89,Beauty,West
CUST-0192,ORD-2026127,2024-04-28,40.4,Fashion,West
CUST-0611,ORD-2023833,2024-04-28,38.14,Groceries,West
CUST-0447,ORD-2023315,2024-04-29,210.02,Sports,West
CUST-0244,ORD-2023268,2024-04-29,142.51,Electronics,North
CUST-0764,ORD-2023113,2024-04-29,257.66,Electronics,North
CUST-0059,ORD-2024564,2024-04-30,316.84,Electronics,Central
CUST-0089,ORD-2023886,2024-04-30,43.25,Groceries,Central
CUST-0144,ORD-2024262,2024-04-30,155.59,Sports,South
CUST-0396,ORD-2023147,2024-04-30,138.81,Electronics,Central
CUST-0285,ORD-2024720,2024-04-30,104.88,Fashion,North
CUST-0834,ORD-2024703,2024-04-30,33.5,Groceries,East
CUST-0080,ORD-2025138,2024-05-01,38.28,Groceries,West
CUST-0070,ORD-2023910,2024-05-01,49.74,Groceries,North
CUST-0070,ORD-2025086,2024-05-01,46.24,Groceries,South
CUST-0605,ORD-2024080,2024-05-01,107.88,Home & Living,East
CUST-0853,ORD-2026584,2024-05-01,110.16,Fashion,East
CUST-0288,ORD-2024164,2024-05-02,85.07,Fashion,North
CUST-0785,ORD-2024220,2024-05-02,121.75,Beauty,North
CUST-0390,ORD-2025541,2024-05-02,47.16,Fashion,South
CUST-0179,ORD-2025346,2024-05-02,98.91,Fashion,West
CUST-0551,ORD-2024135,2024-05-03,305.08,Home & Living,North
CUST-0395,ORD-2023052,2024-05-03,224.29,Electronics,North
CUST-0796,ORD-2024821,2024-05-03,89.49,Sports,East
CUST-0397,ORD-2025764,2024-05-03,262.61,Home & Living,North
CUST-0738,ORD-2026250,2024-05-03,301.6,Home & Living,West
CUST-0876,ORD-2023099,2024-05-04,101.76,Electronics,Central
CUST-0130,ORD-2026508,2024-05-04,77.72,Sports,West
CUST-0673,ORD-2024167,2024-05-04,249.05,Fashion,West
CUST-0259,ORD-2025319,2024-05-04,44.75,Groceries,Central
CUST-0443,ORD-2023645,2024-05-04,248.85,Electronics,South
CUST-0462,ORD-2025538,2024-05-05,288.08,Electronics,Central
CUST-0319,ORD-2025147,2024-05-05,53.09,Groceries,North
CUST-0470,ORD-2023690,2024-05-05,63.12,Beauty,West
CUST-0331,ORD-2024210,2024-05-06,92.95,Fashion,South
CUST-0807,ORD-2024157,2024-05-06,46.31,Fashion,South
CUST-0888,ORD-2024906,2024-05-06,131.03,Home & Living,North
CUST-0319,ORD-2026480,2024-05-06,144.08,Sports,South
CUST-0325,ORD-2023520,2024-05-07,62.24,Groceries,North
CUST-0090,ORD-2024429,2024-05-07,132.94,Sports,West
CUST-0743,ORD-2023674,2024-05-08,124.05,Home & Living,West
CUST-0530,ORD-2025513,2024-05-08,74.2,Groceries,West
CUST-0604,ORD-2026494,2024-05-08,147.43,Home & Living,North
CUST-0327,ORD-2026312,2024-05-08,63.11,Sports,Central
CUST-0390,ORD-2026474,2024-05-08,264.81,Fashion,West
CUST-0630,ORD-2023573,2024-05-09,173.38,Electronics,South
CUST-0614,ORD-2024632,2024-05-09,135.52,Sports,West
CUST-0141,ORD-2024570,2024-05-09,327.6,Electronics,East
CUST-0291,ORD-2024499,2024-05-09,56.4,Beauty,North
CUST-0621,ORD-2025697,2024-05-09,167.44,Home & Living,North
CUST-0084,ORD-2025164,2024-05-09,107.44,Sports,East
CUST-0433,ORD-2024439,2024-05-10,89.09,Fashion,East
CUST-0126,ORD-2025044,2024-05-10,45.79,Beauty,North
CUST-0802,ORD-2025343,2024-05-10,61.69,Groceries,West
CUST-0080,ORD-2025336,2024-05-10,140.53,Sports,South
CUST-0664,ORD-2025276,2024-05-10,76.61,Beauty,West
CUST-0373,ORD-2023558,2024-05-10,146.79,Electronics,West
CUST-0385,ORD-2024621,2024-05-10,64.89,Home & Living,East
CUST-0514,ORD-2023788,2024-05-11,209.43,Electronics,North
CUST-0475,ORD-2024058,2024-05-11,224.78,Electronics,South
CUST-0705,ORD-2026232,2024-05-11,168.11,Sports,East
CUST-0802,ORD-2026184,2024-05-11,81.58,Home & Living,Central
CUST-0830,ORD-2026473,2024-05-12,43.99,Groceries,North
CUST-0483,ORD-2024839,2024-05-12,187.16,Electronics,East
CUST-0056,ORD-2024559,2024-05-12,156.8,Sports,North
CUST-0765,ORD-2024238,2024-05-13,47.1,Groceries,Central
CUST-0165,ORD-2023427,2024-05-13,174.44,Fashion,South
CUST-0546,ORD-2024315,2024-05-13,240.08,Fashion,Central
CUST-0378,ORD-2025137,2024-05-13,64.22,Groceries,North
CUST-0451,ORD-2026006,2024-05-13,71.7,Groceries,North
CUST-0085,ORD-2023742,2024-05-14,126.36,Sports,North
CUST-0524,ORD-2025929,2024-05-14,95.47,Fashion,North
CUST-0725,ORD-2026587,2024-05-15,153.22,Electronics,East
CUST-0413,ORD-2023978,2024-05-15,181.86,Electronics,West
CUST-0394,ORD-2025186,2024-05-16,370.65,Electronics,West
CUST-0491,ORD-2025763,2024-05-16,58.34,Beauty,South
CUST-0530,ORD-2024780,2024-05-16,75.54,Beauty,South
CUST-0003,ORD-2024352,2024-05-17,125.92,Home & Living,West
CUST-0554,ORD-2025428,2024-05-17,134.22,Fashion,North
CUST-0812,ORD-2023455,2024-05-17,158.32,Electronics,North
CUST-0776,ORD-2026245,2024-05-17,187.88,Electronics,North
CUST-0824,ORD-2025075,2024-05-18,95.69,Electronics,West
CUST-0835,ORD-2023725,2024-05-18,289.74,Home & Living,West
CUST-0711,ORD-2025856,2024-05-19,54.52,Groceries,Central
CUST-0661,ORD-2025835,2024-05-19,105.08,Fashion,North
CUST-0731,ORD-2026555,2024-05-19,426.71,Electronics,Central
CUST-0880,ORD-2025755,2024-05-19,40.28,Groceries,Central
CUST-0512,ORD-2026335,2024-05-19,129.26,Sports,West
CUST-0748,ORD-2025495,2024-05-19,58.42,Groceries,West
CUST-0691,ORD-2026476,2024-05-19,117.97,Beauty,North
CUST-0809,ORD-2023875,2024-05-19,139.99,Fashion,East
CUST-0227,ORD-2025458,2024-05-20,169.76,Home & Living,East
CUST-0041,ORD-2023085,2024-05-20,198.25,Electronics,North
CUST-0315,ORD-2024436,2024-05-20,38.21,Beauty,South
CUST-0842,ORD-2024014,2024-05-20,31.41,Groceries,South
CUST-0084,ORD-2023136,2024-05-21,319.28,Home & Living,East
CUST-0195,ORD-2023663,2024-05-21,155.17,Electronics,North
CUST-0264,ORD-2026208,2024-05-21,62.98,Groceries,East
CUST-0493,ORD-2024618,2024-05-21,82.64,Fashion,South
CUST-0196,ORD-2025569,2024-05-21,141.66,Home & Living,West
CUST-0191,ORD-2026221,2024-05-21,155.28,Sports,East
CUST-0643,ORD-2025317,2024-05-21,254.38,Electronics,East
CUST-0646,ORD-2023080,2024-05-21,72.45,Groceries,North
CUST-0305,ORD-2025453,2024-05-22,38.32,Groceries,North
CUST-0501,ORD-2026536,2024-05-22,55.58,Groceries,West
CUST-0520,ORD-2025300,2024-05-22,343.12,Home & Living,East
CUST-0543,ORD-2023184,2024-05-23,239.27,Electronics,West
CUST-0300,ORD-2026486,2024-05-23,293.16,Electronics,South
CUST-0766,ORD-2023237,2024-05-23,211.84,Electronics,Central
CUST-0229,ORD-2023392,2024-05-23,34.93,Groceries,East
CUST-0059,ORD-2025469,2024-05-23,104.96,Beauty,North
CUST-0731,ORD-2024919,2024-05-23,37.69,Groceries,South
CUST-0775,ORD-2023763,2024-05-24,61.29,Beauty,North
CUST-0489,ORD-2024030,2024-05-24,72.92,Groceries,West
CUST-0010,ORD-2023097,2024-05-24,189.36,Electronics,South
CUST-0576,ORD-2023027,2024-05-24,163.82,Electronics,South
CUST-0576,ORD-2025627,2024-05-24,23.09,Beauty,East
CUST-0238,ORD-2025911,2024-05-24,26.1,Groceries,North
CUST-0861,ORD-2026511,2024-05-24,195.39,Electronics,North
CUST-0394,ORD-2024207,2024-05-24,39.13,Groceries,Central
CUST-0117,ORD-2026314,2024-05-24,155.62,Home & Living,East
CUST-0482,ORD-2025230,2024-05-25,125.59,Electronics,Central
CUST-0431,ORD-2026567,2024-05-25,35.73,Groceries,West
CUST-0154,ORD-2026256,2024-05-25,184.42,Sports,Central
CUST-0845,ORD-2026259,2024-05-25,144.08,Sports,East
CUST-0427,ORD-2025190,2024-05-25,62.08,Beauty,West
CUST-0729,ORD-2023630,2024-05-25,153.45,Electronics,North
CUST-0554,ORD-2026180,2024-05-26,206.97,Electronics,Central
CUST-0662,ORD-2026551,2024-05-26,150.0,Sports,West
CUST-0390,ORD-2023988,2024-05-26,37.45,Groceries,West
CUST-0886,ORD-2023019,2024-05-27,130.63,Fashion,West
CUST-0826,ORD-2025733,2024-05-27,391.6,Home & Living,South
CUST-0190,ORD-2023973,2024-05-27,51.42,Fashion,North
CUST-0523,ORD-2026019,2024-05-27,244.32,Electronics,North
CUST-0114,ORD-2025659,2024-05-27,130.0,Sports,South
CUST-0634,ORD-2024369,2024-05-27,90.1,Electronics,South
CUST-0530,ORD-2024636,2024-05-28,135.12,Home & Living,Central
CUST-0054,ORD-2023507,2024-05-28,130.52,Electronics,North
CUST-0372,ORD-2024010,2024-05-28,161.31,Home & Living,East
CUST-0257,ORD-2023695,2024-05-29,166.48,Sports,North
CUST-0439,ORD-2024201,2024-05-29,62.18,Fashion,South
CUST-0142,ORD-2026585,2024-05-29,328.38,Electronics,East
CUST-0179,ORD-2024232,2024-05-29,42.87,Groceries,Central
CUST-0409,ORD-2025315,2024-05-29,79.98,Beauty,West
CUST-0781,ORD-2025263,2024-05-29,53.07,Groceries,North
CUST-0239,ORD-2025549,2024-05-30,409.8,Electronics,Central
CUST-0766,ORD-2024860,2024-05-30,94.25,Fashion,Central
CUST-0487,ORD-2024458,2024-05-30,82.12,Beauty,North
CUST-0477,ORD-2025314,2024-05-30,45.19,Groceries,West
CUST-0734,ORD-2023842,2024-05-30,93.45,Sports,West
CUST-0170,ORD-2025861,2024-05-31,198.18,Home & Living,West
CUST-0814,ORD-2025577,2024-05-31,138.95,Fashion,East
CUST-0423,ORD-2024691,2024-05-31,88.83,Sports,East
CUST-0838,ORD-2024931,2024-06-01,88.74,Sports,South
CUST-0585,ORD-2026571,2024-06-01,446.4,Home & Living,East
CUST-0220,ORD-2026457,2024-06-01,196.5,Home & Living,North
CUST-0627,ORD-2026544,2024-06-01,34.49,Groceries,West
CUST-0378,ORD-2026197,2024-06-01,44.99,Groceries,North
CUST-0175,ORD-2023473,2024-06-01,127.98,Sports,North
CUST-0226,ORD-2024110,2024-06-01,532.23,Home & Living,North
CUST-0040,ORD-2025586,2024-06-02,466.95,Electronics,West
CUST-0230,ORD-2023334,2024-06-02,65.7,Sports,South
CUST-0249,ORD-2025695,2024-06-03,390.9,Electronics,West
CUST-0039,ORD-2025031,2024-06-03,147.05,Sports,Central
CUST-0209,ORD-2023265,2024-06-03,100.0,Electronics,North
CUST-0568,ORD-2023393,2024-06-03,44.99,Fashion,East
CUST-0440,ORD-2025737,2024-06-04,40.0,Groceries,West
CUST-0304,ORD-2025848,2024-06-04,51.04,Fashion,East
CUST-0696,ORD-2023632,2024-06-04,145.4,Home & Living,Central
CUST-0236,ORD-2023022,2024-06-05,132.35,Fashion,West
CUST-0763,ORD-2025720,2024-06-05,285.28,Electronics,South
CUST-0487,ORD-2025179,2024-06-05,45.89,Beauty,West
CUST-0069,ORD-2026491,2024-06-06,58.42,Beauty,West
CUST-0348,ORD-2023171,2024-06-06,80.1,Beauty,West
CUST-0377,ORD-2024811,2024-06-06,320.05,Electronics,South
CUST-0239,ORD-2024945,2024-06-07,118.0,Sports,Central
CUST-0581,ORD-2026243,2024-06-08,189.47,Fashion,North
CUST-0080,ORD-2023899,2024-06-08,176.92,Home & Living,East
CUST-0194,ORD-2026554,2024-06-08,112.85,Beauty,South
CUST-0382,ORD-2023313,2024-06-08,70.13,Beauty,West
CUST-0387,ORD-2025294,2024-06-09,65.77,Fashion,East
CUST-0834,ORD-2023095,2024-06-09,106.74,Home & Living,North
CUST-0404,ORD-2025833,2024-06-09,52.53,Groceries,North
CUST-0803,ORD-2023756,2024-06-09,202.97,Electronics,South
CUST-0769,ORD-2023219,2024-06-09,246.43,Home & Living,West
CUST-0569,ORD-2023779,2024-06-10,45.37,Fashion,West
CUST-0343,ORD-2026327,2024-06-10,147.61,Electronics,East
CUST-0032,ORD-2025377,2024-06-10,53.38,Beauty,North
CUST-0569,ORD-2026077,2024-06-10,147.02,Electronics,North
CUST-0343,ORD-2025059,2024-06-11,80.38,Beauty,East
CUST-0740,ORD-2025257,2024-06-11,164.79,Sports,East
CUST-0537,ORD-2023540,2024-06-11,75.6,Beauty,East
CUST-0013,ORD-2025961,2024-06-11,50.16,Groceries,North
CUST-0831,ORD-2026210,2024-06-11,154.73,Electronics,West
CUST-0169,ORD-2026374,2024-06-12,377.91,Electronics,Central
CUST-0498,ORD-2024391,2024-06-12,260.61,Electronics,North
CUST-0725,ORD-2023849,2024-06-12,329.37,Electronics,East
CUST-0397,ORD-2025777,2024-06-12,80.69,Fashion,North
CUST-0078,ORD-2024154,2024-06-13,196.05,Electronics,South
CUST-0627,ORD-2023846,2024-06-13,59.63,Fashion,South
CUST-0188,ORD-2025066,2024-06-13,362.79,Electronics,Central
CUST-0404,ORD-2026218,2024-06-13,44.73,Groceries,South
CUST-0021,ORD-2023495,2024-06-13,73.28,Beauty,North
CUST-0443,ORD-2026046,2024-06-14,438.6,Electronics,North
CUST-0620,ORD-2025673,2024-06-14,78.54,Beauty,West
CUST-0884,ORD-2026099,2024-06-15,146.47,Sports,East
CUST-0388,ORD-2023450,2024-06-15,148.59,Home & Living,East
CUST-0248,ORD-2024113,2024-06-15,124.8,Home & Living,West
CUST-0442,ORD-2024635,2024-06-16,74.49,Fashion,Central
CUST-0690,ORD-2023284,2024-06-16,41.7,Groceries,East
CUST-0360,ORD-2024472,2024-06-16,171.03,Fashion,Central
CUST-0890,ORD-2023863,2024-06-16,106.38,Sports,South
CUST-0377,ORD-2023426,2024-06-16,195.74,Fashion,Central
CUST-0160,ORD-2025366,2024-06-16,47.11,Beauty,West
CUST-0536,ORD-2024076,2024-06-17,164.05,Fashion,Central
CUST-0832,ORD-2025747,2024-06-17,52.12,Groceries,South
CUST-0893,ORD-2023007,2024-06-17,417.52,Electronics,Central
CUST-0591,ORD-2025749,2024-06-18,89.13,Beauty,West
CUST-0148,ORD-2025718,2024-06-18,42.08,Beauty,South
CUST-0061,ORD-2024070,2024-06-18,95.32,Fashion,North
CUST-0406,ORD-2026534,2024-06-18,423.69,Electronics,East
CUST-0237,ORD-2026591,2024-06-18,395.67,Electronics,Central
CUST-0169,ORD-2023623,2024-06-18,98.94,Fashion,West
CUST-0887,ORD-2024180,2024-06-19,123.55,Sports,West
CUST-0090,ORD-2023378,2024-06-19,60.68,Fashion,East
CUST-0164,ORD-2025398,2024-06-19,65.64,Beauty,South
CUST-0334,ORD-2023127,2024-06-19,142.22,Fashion,North
CUST-0176,ORD-2025786,2024-06-19,161.41,Electronics,Central
CUST-0494,ORD-2024397,2024-06-19,116.31,Fashion,Central
CUST-0604,ORD-2025682,2024-06-20,181.5,Home & Living,West
CUST-0395,ORD-2026342,2024-06-20,245.58,Home & Living,South
CUST-0407,ORD-2023170,2024-06-20,308.77,Electronics,North
CUST-0698,ORD-2024151,2024-06-21,317.24,Electronics,East
CUST-0148,ORD-2023255,2024-06-21,112.8,Beauty,West
CUST-0145,ORD-2026129,2024-06-21,502.03,Electronics,West
CUST-0624,ORD-2023932,2024-06-21,373.44,Fashion,West
CUST-0390,ORD-2024745,2024-06-21,73.16,Beauty,Central
CUST-0135,ORD-2024098,2024-06-21,71.18,Groceries,North
CUST-0034,ORD-2024517,2024-06-22,122.39,Fashion,East
CUST-0431,ORD-2024399,2024-06-22,243.55,Home & Living,North
CUST-0472,ORD-2024024,2024-06-22,84.89,Fashion,West
CUST-0640,ORD-2024627,2024-06-23,46.03,Groceries,West
CUST-0063,ORD-2023993,2024-06-23,115.25,Home & Living,East
CUST-0189,ORD-2025240,2024-06-23,47.07,Fashion,East
CUST-0698,ORD-2026481,2024-06-23,59.74,Groceries,Central
CUST-0163,ORD-2025361,2024-06-23,66.45,Fashion,West
CUST-0591,ORD-2026499,2024-06-23,45.43,Groceries,East
CUST-0879,ORD-2023436,2024-06-23,37.18,Groceries,South
CUST-0719,ORD-2024393,2024-06-23,134.0,Home & Living,North
CUST-0825,ORD-2023670,2024-06-23,439.46,Electronics,West
CUST-0798,ORD-2026069,2024-06-23,72.86,Home & Living,Central
CUST-0879,ORD-2024396,2024-06-24,55.39,Groceries,East
CUST-0142,ORD-2023354,2024-06-24,257.35,Electronics,West
CUST-0511,ORD-2024823,2024-06-24,57.87,Beauty,East
CUST-0717,ORD-2023826,2024-06-24,244.39,Sports,South
CUST-0698,ORD-2026009,2024-06-24,46.33,Groceries,West
CUST-0564,ORD-2024975,2024-06-24,44.24,Groceries,Central
CUST-0744,ORD-2026193,2024-06-24,135.79,Fashion,West
CUST-0256,ORD-2024156,2024-06-24,108.9,Sports,North
CUST-0858,ORD-2023836,2024-06-24,82.67,Sports,East
CUST-0343,ORD-2023390,2024-06-25,266.04,Home & Living,West
CUST-0635,ORD-2026527,2024-06-25,208.41,Home & Living,North
CUST-0280,ORD-2024447,2024-06-26,122.94,Home & Living,North
CUST-0479,ORD-2023559,2024-06-26,135.14,Beauty,South
CUST-0286,ORD-2025760,2024-06-26,62.79,Fashion,East
CUST-0243,ORD-2026005,2024-06-27,134.86,Home & Living,East
CUST-0163,ORD-2023349,2024-06-27,138.38,Home & Living,East
CUST-0308,ORD-2025831,2024-06-27,227.08,Electronics,South
CUST-0636,ORD-2023903,2024-06-28,33.27,Groceries,North
CUST-0862,ORD-2023065,2024-06-28,116.78,Beauty,Central
CUST-0552,ORD-2026257,2024-06-28,186.96,Electronics,East
CUST-0193,ORD-2023070,2024-06-29,97.4,Fashion,Central
CUST-0420,ORD-2024116,2024-06-29,76.17,Beauty,East
CUST-0154,ORD-2025381,2024-06-29,86.54,Fashion,East
CUST-0190,ORD-2023610,2024-06-30,100.5,Fashion,North
CUST-0286,ORD-2025139,2024-06-30,338.82,Sports,East
CUST-0826,ORD-2023672,2024-06-30,143.27,Fashion,South
CUST-0373,ORD-2023368,2024-06-30,143.22,Sports,East
CUST-0442,ORD-2025112,2024-06-30,477.49,Electronics,North
CUST-0873,ORD-2024765,2024-06-30,98.25,Fashion,South
CUST-0403,ORD-2023734,2024-07-01,51.36,Beauty,North
CUST-0644,ORD-2024161,2024-07-01,201.73,Electronics,East
CUST-0238,ORD-2025776,2024-07-01,109.29,Fashion,North
CUST-0189,ORD-2026146,2024-07-01,126.55,Home & Living,Central
CUST-0377,ORD-2023657,2024-07-01,73.56,Fashion,South
CUST-0620,ORD-2026054,2024-07-01,56.72,Groceries,South
CUST-0452,ORD-2025864,2024-07-01,48.89,Fashion,Central
CUST-0128,ORD-2024717,2024-07-02,141.97,Home & Living,South
CUST-0343,ORD-2026566,2024-07-02,228.5,Fashion,West
CUST-0739,ORD-2023979,2024-07-02,56.93,Groceries,North
CUST-0736,ORD-2026395,2024-07-02,36.37,Groceries,East
CUST-0396,ORD-2023912,2024-07-02,181.81,Home & Living,South
CUST-0345,ORD-2024961,2024-07-03,47.16,Groceries,East
CUST-0875,ORD-2025609,2024-07-03,232.73,Sports,South
CUST-0809,ORD-2026294,2024-07-03,84.89,Sports,Central
CUST-0550,ORD-2026336,2024-07-03,35.86,Groceries,South
CUST-0091,ORD-2024312,2024-07-03,36.07,Groceries,West
CUST-0220,ORD-2023858,2024-07-03,35.27,Groceries,Central
CUST-0532,ORD-2025242,2024-07-03,129.31,Fashion,West
CUST-0635,ORD-2023722,2024-07-03,106.02,Sports,North
CUST-0405,ORD-2023087,2024-07-03,238.04,Home & Living,Central
CUST-0284,ORD-2025751,2024-07-04,90.86,Fashion,West
CUST-0531,ORD-2024071,2024-07-04,36.62,Groceries,South
CUST-0424,ORD-2025836,2024-07-04,175.8,Sports,East
CUST-0087,ORD-2023274,2024-07-04,28.59,Groceries,North
CUST-0593,ORD-2025324,2024-07-05,143.49,Fashion,East
CUST-0266,ORD-2025817,2024-07-05,199.03,Electronics,West
CUST-0381,ORD-2026456,2024-07-05,131.66,Fashion,North
CUST-0023,ORD-2025483,2024-07-05,114.98,Fashion,North
CUST-0539,ORD-2026027,2024-07-05,238.55,Electronics,Central
CUST-0810,ORD-2025524,2024-07-05,43.42,Groceries,West
CUST-0741,ORD-2025624,2024-07-05,55.41,Groceries,East
CUST-0141,ORD-2025533,2024-07-06,31.6,Groceries,North
CUST-0190,ORD-2024226,2024-07-06,80.67,Beauty,West
CUST-0440,ORD-2023894,2024-07-06,113.4,Home & Living,West
CUST-0046,ORD-2025827,2024-07-06,73.54,Beauty,West
CUST-0584,ORD-2024649,2024-07-06,115.94,Electronics,West
CUST-0650,ORD-2026105,2024-07-07,43.21,Groceries,Central
CUST-0461,ORD-2023709,2024-07-07,83.82,Beauty,South
CUST-0531,ORD-2024152,2024-07-07,56.26,Groceries,East
CUST-0621,ORD-2024986,2024-07-08,27.33,Groceries,Central
CUST-0043,ORD-2025159,2024-07-08,282.89,Home & Living,North
CUST-0785,ORD-2026488,2024-07-09,67.74,Electronics,North
CUST-0900,ORD-2024066,2024-07-09,35.8,Groceries,North
CUST-0674,ORD-2025510,2024-07-09,203.05,Electronics,North
CUST-0156,ORD-2024329,2024-07-09,195.69,Electronics,West
CUST-0149,ORD-2024380,2024-07-09,204.13,Home & Living,South
CUST-0114,ORD-2023950,2024-07-09,120.61,Fashion,South
CUST-0580,ORD-2024987,2024-07-10,205.43,Sports,South
CUST-0279,ORD-2025264,2024-07-10,250.68,Sports,West
CUST-0580,ORD-2024193,2024-07-10,61.23,Electronics,South
CUST-0182,ORD-2023472,2024-07-10,94.45,Sports,East
CUST-0519,ORD-2024438,2024-07-10,274.68,Electronics,Central
CUST-0295,ORD-2023879,2024-07-10,128.35,Home & Living,North
CUST-0595,ORD-2025385,2024-07-10,234.54,Fashion,Central
CUST-0698,ORD-2025561,2024-07-11,82.1,Fashion,North
CUST-0016,ORD-2025024,2024-07-11,71.62,Home & Living,South
CUST-0092,ORD-2023569,2024-07-11,46.3,Groceries,West
CUST-0316,ORD-2026144,2024-07-12,121.3,Home & Living,East
CUST-0318,ORD-2023868,2024-07-12,47.01,Groceries,East
CUST-0138,ORD-2023505,2024-07-13,87.78,Fashion,West
CUST-0451,ORD-2025732,2024-07-14,103.31,Fashion,West
CUST-0122,ORD-2024273,2024-07-14,151.99,Fashion,North
CUST-0645,ORD-2023251,2024-07-14,168.77,Home & Living,East
CUST-0345,ORD-2025286,2024-07-15,210.1,Home & Living,West
CUST-0004,ORD-2024324,2024-07-15,171.81,Fashion,East
CUST-0462,ORD-2023619,2024-07-15,78.08,Fashion,East
CUST-0127,ORD-2025573,2024-07-16,255.76,Sports,Central
CUST-0038,ORD-2023242,2024-07-16,264.08,Electronics,North
CUST-0706,ORD-2023326,2024-07-16,40.16,Groceries,East
CUST-0844,ORD-2025905,2024-07-16,187.77,Electronics,North
CUST-0754,ORD-2023328,2024-07-16,93.45,Home & Living,East
CUST-0361,ORD-2026464,2024-07-16,39.54,Groceries,North
CUST-0373,ORD-2025295,2024-07-17,173.92,Sports,Central
CUST-0540,ORD-2026519,2024-07-17,259.34,Electronics,South
CUST-0898,ORD-2023586,2024-07-18,141.6,Home & Living,West
CUST-0158,ORD-2023089,2024-07-18,92.97,Beauty,West
CUST-0240,ORD-2024477,2024-07-19,115.31,Sports,North
CUST-0858,ORD-2025103,2024-07-19,135.04,Fashion,Central
CUST-0275,ORD-2025182,2024-07-19,155.31,Home & Living,East
CUST-0385,ORD-2025662,2024-07-19,82.15,Beauty,South
CUST-0774,ORD-2026030,2024-07-19,126.96,Sports,Central
CUST-0701,ORD-2025888,2024-07-19,68.74,Beauty,South
CUST-0126,ORD-2025188,2024-07-19,70.63,Fashion,East
CUST-0766,ORD-2025148,2024-07-19,175.43,Home & Living,West
CUST-0869,ORD-2026563,2024-07-19,61.89,Fashion,East
CUST-0753,ORD-2024714,2024-07-19,63.45,Home & Living,West
CUST-0266,ORD-2023439,2024-07-20,46.75,Groceries,East
CUST-0151,ORD-2026149,2024-07-20,46.83,Groceries,Central
CUST-0571,ORD-2023188,2024-07-21,212.7,Sports,North
CUST-0656,ORD-2026423,2024-07-21,63.55,Beauty,East
CUST-0334,ORD-2023995,2024-07-21,170.01,Sports,West
CUST-0378,ORD-2026403,2024-07-21,32.46,Groceries,South
CUST-0321,ORD-2025540,2024-07-22,146.09,Electronics,South
CUST-0659,ORD-2026083,2024-07-22,58.85,Groceries,West
CUST-0169,ORD-2023269,2024-07-22,52.91,Groceries,West
CUST-0024,ORD-2024337,2024-07-22,48.88,Fashion,Central
CUST-0146,ORD-2025208,2024-07-22,70.78,Beauty,East
CUST-0760,ORD-2026031,2024-07-22,28.79,Groceries,West
CUST-0049,ORD-2025686,2024-07-22,100.39,Fashion,East
CUST-0886,ORD-2024319,2024-07-22,36.65,Groceries,South
CUST-0428,ORD-2024675,2024-07-22,172.45,Fashion,Central
CUST-0182,ORD-2023783,2024-07-23,46.44,Beauty,East
CUST-0032,ORD-2023267,2024-07-23,247.53,Electronics,South
CUST-0546,ORD-2025000,2024-07-23,63.18,Groceries,South
CUST-0153,ORD-2026348,2024-07-23,97.9,Electronics,West
CUST-0796,ORD-2024573,2024-07-23,76.02,Fashion,North
CUST-0280,ORD-2026288,2024-07-24,266.05,Electronics,North
CUST-0465,ORD-2023161,2024-07-24,56.41,Fashion,West
CUST-0312,ORD-2025449,2024-07-24,87.98,Beauty,West
CUST-0229,ORD-2024902,2024-07-24,106.62,Sports,Central
CUST-0240,ORD-2025988,2024-07-24,87.74,Fashion,Central
CUST-0148,ORD-2023666,2024-07-24,172.87,Electronics,West
CUST-0569,ORD-2026003,2024-07-24,64.16,Groceries,Central
CUST-0354,ORD-2025840,2024-07-25,82.83,Beauty,North
CUST-0278,ORD-2024231,2024-07-25,39.06,Fashion,North
CUST-0690,ORD-2023889,2024-07-25,104.35,Home & Living,East
CUST-0449,ORD-2024707,2024-07-25,396.07,Home & Living,West
CUST-0439,ORD-2025152,2024-07-25,108.89,Sports,East
CUST-0370,ORD-2025021,2024-07-25,122.7,Home & Living,South
CUST-0474,ORD-2023847,2024-07-25,126.55,Home & Living,North
CUST-0303,ORD-2023825,2024-07-25,551.82,Electronics,South
CUST-0164,ORD-2025572,2024-07-26,95.91,Fashion,North
CUST-0460,ORD-2024867,2024-07-26,268.37,Electronics,West
CUST-0501,ORD-2024387,2024-07-26,45.87,Groceries,South
CUST-0382,ORD-2023500,2024-07-26,108.65,Home & Living,North
CUST-0556,ORD-2025648,2024-07-27,157.8,Sports,North
CUST-0237,ORD-2024398,2024-07-27,198.26,Sports,West
CUST-0488,ORD-2025198,2024-07-27,121.17,Home & Living,South
CUST-0187,ORD-2025766,2024-07-27,147.16,Fashion,West
CUST-0089,ORD-2023409,2024-07-28,98.1,Sports,North
CUST-0653,ORD-2025146,2024-07-28,40.91,Groceries,West
CUST-0216,ORD-2024753,2024-07-28,396.44,Electronics,South
CUST-0287,ORD-2024937,2024-07-28,161.76,Electronics,West
CUST-0325,ORD-2026504,2024-07-28,377.3,Electronics,West
CUST-0767,ORD-2023497,2024-07-28,252.24,Home & Living,North
CUST-0424,ORD-2025788,2024-07-29,71.14,Groceries,West
CUST-0774,ORD-2024795,2024-07-29,70.03,Beauty,East
CUST-0443,ORD-2023697,2024-07-29,174.08,Sports,Central
CUST-0794,ORD-2025717,2024-07-29,94.51,Beauty,East
CUST-0017,ORD-2025595,2024-07-30,63.19,Beauty,West
CUST-0069,ORD-2025363,2024-07-30,103.51,Beauty,East
CUST-0022,ORD-2024032,2024-07-30,92.7,Fashion,West
CUST-0113,ORD-2025342,2024-07-31,134.07,Fashion,West
CUST-0254,ORD-2023489,2024-07-31,130.82,Sports,East
CUST-0260,ORD-2025584,2024-07-31,240.47,Electronics,Central
CUST-0234,ORD-2024535,2024-07-31,144.38,Electronics,East
CUST-0121,ORD-2023032,2024-08-01,54.08,Groceries,South
CUST-0779,ORD-2023617,2024-08-01,363.83,Electronics,Central
CUST-0068,ORD-2025100,2024-08-01,130.92,Beauty,North
CUST-0251,ORD-2026075,2024-08-01,63.89,Fashion,Central
CUST-0205,ORD-2025583,2024-08-01,369.45,Home & Living,West
CUST-0828,ORD-2025792,2024-08-02,232.51,Electronics,West
CUST-0355,ORD-2025971,2024-08-02,425.8,Home & Living,West
CUST-0671,ORD-2025979,2024-08-02,65.86,Beauty,North
CUST-0739,ORD-2026592,2024-08-02,73.93,Fashion,North
CUST-0763,ORD-2024473,2024-08-02,75.7,Groceries,West
CUST-0900,ORD-2024449,2024-08-02,172.5,Fashion,West
CUST-0039,ORD-2024983,2024-08-03,162.57,Fashion,East
CUST-0577,ORD-2025885,2024-08-03,112.19,Sports,West
CUST-0188,ORD-2026524,2024-08-03,98.44,Sports,South
CUST-0871,ORD-2024872,2024-08-03,54.92,Groceries,East
CUST-0279,ORD-2026113,2024-08-03,191.43,Home & Living,Central
CUST-0551,ORD-2025322,2024-08-03,77.96,Fashion,Central
CUST-0551,ORD-2024817,2024-08-03,35.99,Groceries,North
CUST-0315,ORD-2026593,2024-08-03,186.29,Home & Living,South
CUST-0881,ORD-2024881,2024-08-04,36.9,Groceries,North
CUST-0621,ORD-2024072,2024-08-04,91.93,Fashion,North
CUST-0707,ORD-2024607,2024-08-04,669.6,Electronics,West
CUST-0474,ORD-2026157,2024-08-04,239.22,Sports,North
CUST-0061,ORD-2023387,2024-08-05,112.95,Fashion,Central
CUST-0167,ORD-2025721,2024-08-05,47.17,Groceries,North
CUST-0640,ORD-2024993,2024-08-05,76.72,Fashion,East
CUST-0406,ORD-2026304,2024-08-05,37.75,Fashion,Central
CUST-0707,ORD-2025320,2024-08-06,56.13,Beauty,North
CUST-0425,ORD-2023203,2024-08-06,256.36,Sports,Central
CUST-0662,ORD-2023445,2024-08-07,190.96,Electronics,North
CUST-0149,ORD-2023955,2024-08-07,62.98,Fashion,South
CUST-0100,ORD-2023804,2024-08-07,236.32,Home & Living,East
CUST-0413,ORD-2026002,2024-08-07,35.66,Groceries,South
CUST-0839,ORD-2024350,2024-08-07,60.04,Groceries,North
CUST-0698,ORD-2024284,2024-08-07,171.19,Sports,South
CUST-0491,ORD-2026202,2024-08-07,129.88,Fashion,West
CUST-0390,ORD-2024534,2024-08-07,237.89,Electronics,North
CUST-0256,ORD-2026235,2024-08-08,37.97,Groceries,South
CUST-0277,ORD-2023909,2024-08-08,535.84,Electronics,Central
CUST-0244,ORD-2025631,2024-08-08,195.82,Sports,Central
CUST-0513,ORD-2024114,2024-08-09,134.29,Beauty,Central
CUST-0801,ORD-2023640,2024-08-09,50.54,Groceries,East
CUST-0274,ORD-2026542,2024-08-09,51.68,Groceries,Central
CUST-0668,ORD-2024292,2024-08-09,63.54,Beauty,East
CUST-0525,ORD-2023681,2024-08-09,251.51,Fashion,East
CUST-0188,ORD-2024783,2024-08-10,117.87,Beauty,West
CUST-0264,ORD-2025991,2024-08-10,197.85,Electronics,West
CUST-0585,ORD-2024513,2024-08-10,510.89,Electronics,West
CUST-0121,ORD-2026308,2024-08-10,49.55,Fashion,North
CUST-0720,ORD-2024401,2024-08-10,182.82,Fashion,West
CUST-0153,ORD-2026206,2024-08-11,110.77,Fashion,South
CUST-0698,ORD-2026557,2024-08-11,121.06,Beauty,North
CUST-0774,ORD-2023216,2024-08-11,96.04,Beauty,North
CUST-0055,ORD-2023651,2024-08-11,43.16,Groceries,North
CUST-0300,ORD-2023138,2024-08-11,60.39,Beauty,East
CUST-0400,ORD-2025358,2024-08-12,90.7,Sports,West
CUST-0721,ORD-2025331,2024-08-12,43.57,Groceries,South
CUST-0544,ORD-2023083,2024-08-12,60.47,Beauty,West
CUST-0404,ORD-2025163,2024-08-13,38.52,Beauty,South
CUST-0162,ORD-2026454,2024-08-13,54.78,Home & Living,Central
CUST-0621,ORD-2025365,2024-08-13,257.88,Home & Living,Central
CUST-0544,ORD-2026204,2024-08-13,183.22,Home & Living,South
CUST-0414,ORD-2023122,2024-08-13,60.8,Groceries,East
CUST-0461,ORD-2025657,2024-08-13,231.78,Fashion,North
CUST-0264,ORD-2025585,2024-08-13,32.56,Groceries,Central
CUST-0284,ORD-2024082,2024-08-13,597.54,Electronics,West
CUST-0507,ORD-2025488,2024-08-13,85.8,Beauty,East
CUST-0567,ORD-2026317,2024-08-14,50.62,Groceries,North
CUST-0723,ORD-2023172,2024-08-14,149.69,Sports,Central
CUST-0462,ORD-2024100,2024-08-16,159.37,Electronics,South
CUST-0343,ORD-2026058,2024-08-17,48.66,Home & Living,West
CUST-0850,ORD-2023182,2024-08-17,87.2,Fashion,South
CUST-0241,ORD-2026068,2024-08-17,41.59,Groceries,North
CUST-0385,ORD-2024003,2024-08-18,171.93,Sports,South
CUST-0846,ORD-2024602,2024-08-18,47.41,Groceries,West
CUST-0055,ORD-2025781,2024-08-18,417.58,Electronics,Central
CUST-0685,ORD-2024924,2024-08-18,112.15,Home & Living,East
CUST-0342,ORD-2026548,2024-08-18,161.25,Home & Living,Central
CUST-0867,ORD-2024656,2024-08-18,50.15,Groceries,West
CUST-0548,ORD-2023602,2024-08-19,241.46,Electronics,East
CUST-0135,ORD-2026564,2024-08-19,168.95,Sports,South
CUST-0697,ORD-2025668,2024-08-19,138.27,Sports,East
CUST-0863,ORD-2024246,2024-08-19,88.9,Fashion,South
CUST-0810,ORD-2025430,2024-08-20,107.88,Electronics,South
CUST-0752,ORD-2025238,2024-08-20,274.82,Home & Living,North
CUST-0254,ORD-2026047,2024-08-20,163.44,Sports,East
CUST-0878,ORD-2023213,2024-08-20,31.16,Groceries,Central
CUST-0044,ORD-2025604,2024-08-20,185.9,Sports,North
CUST-0437,ORD-2025643,2024-08-21,111.47,Home & Living,East
CUST-0725,ORD-2024711,2024-08-21,79.5,Home & Living,South
CUST-0032,ORD-2023646,2024-08-22,117.17,Home & Living,North
CUST-0227,ORD-2023132,2024-08-22,141.55,Home & Living,West
CUST-0174,ORD-2023762,2024-08-22,392.03,Home & Living,North
CUST-0896,ORD-2024288,2024-08-22,333.47,Electronics,North
CUST-0765,ORD-2026177,2024-08-22,76.38,Home & Living,Central
CUST-0580,ORD-2023598,2024-08-22,47.96,Groceries,North
CUST-0693,ORD-2025731,2024-08-22,68.96,Groceries,North
CUST-0107,ORD-2025633,2024-08-22,573.83,Electronics,South
CUST-0426,ORD-2024444,2024-08-23,45.04,Beauty,West
CUST-0697,ORD-2026152,2024-08-23,87.02,Fashion,South
CUST-0225,ORD-2024882,2024-08-23,47.24,Beauty,West
CUST-0013,ORD-2024677,2024-08-24,107.39,Beauty,North
CUST-0761,ORD-2023940,2024-08-24,102.58,Beauty,South
CUST-0698,ORD-2025632,2024-08-24,63.68,Groceries,North
CUST-0725,ORD-2023974,2024-08-24,115.3,Home & Living,Central
CUST-0040,ORD-2023712,2024-08-24,108.62,Beauty,South
CUST-0088,ORD-2023608,2024-08-24,83.95,Electronics,South
CUST-0166,ORD-2024887,2024-08-25,67.63,Fashion,Central
CUST-0763,ORD-2023048,2024-08-25,74.77,Electronics,East
CUST-0584,ORD-2026506,2024-08-25,118.28,Fashion,South
CUST-0244,ORD-2023218,2024-08-25,78.23,Fashion,Central
CUST-0670,ORD-2023971,2024-08-26,233.09,Electronics,North
CUST-0023,ORD-2024478,2024-08-26,54.63,Beauty,South
CUST-0502,ORD-2024140,2024-08-27,28.83,Groceries,North
CUST-0597,ORD-2026578,2024-08-27,66.88,Fashion,Central
CUST-0452,ORD-2024554,2024-08-27,200.93,Electronics,Central
CUST-0332,ORD-2025050,2024-08-27,69.8,Home & Living,Central
CUST-0442,ORD-2023475,2024-08-27,180.27,Electronics,South
CUST-0826,ORD-2026496,2024-08-27,126.29,Fashion,East
CUST-0814,ORD-2023570,2024-08-27,32.9,Groceries,West
CUST-0318,ORD-2025427,2024-08-27,214.45,Electronics,West
CUST-0229,ORD-2026444,2024-08-27,99.29,Fashion,South
CUST-0767,ORD-2023827,2024-08-27,70.49,Fashion,North
CUST-0407,ORD-2024017,2024-08-27,90.49,Beauty,Central
CUST-0200,ORD-2024561,2024-08-28,51.87,Groceries,South
CUST-0022,ORD-2024844,2024-08-28,60.32,Groceries,North
CUST-0285,ORD-2024385,2024-08-28,38.52,Groceries,East
CUST-0758,ORD-2025944,2024-08-28,57.19,Groceries,West
CUST-0355,ORD-2023637,2024-08-28,294.99,Electronics,North
CUST-0077,ORD-2023103,2024-08-28,91.31,Fashion,North
CUST-0231,ORD-2025775,2024-08-28,87.86,Beauty,North
CUST-0323,ORD-2026104,2024-08-28,118.94,Fashion,North
CUST-0672,ORD-2023871,2024-08-28,111.63,Fashion,Central
CUST-0714,ORD-2024093,2024-08-28,219.78,Home & Living,North
CUST-0733,ORD-2024121,2024-08-28,57.54,Beauty,West
CUST-0285,ORD-2023579,2024-08-29,251.48,Electronics,South
CUST-0898,ORD-2024693,2024-08-29,178.33,Sports,West
CUST-0181,ORD-2024634,2024-08-29,73.21,Fashion,East
CUST-0500,ORD-2026367,2024-08-29,182.32,Home & Living,South
CUST-0048,ORD-2024843,2024-08-29,446.01,Electronics,West
CUST-0470,ORD-2025600,2024-08-30,44.92,Groceries,North
CUST-0684,ORD-2025415,2024-08-30,166.4,Beauty,West
CUST-0797,ORD-2023310,2024-08-30,293.2,Home & Living,West
CUST-0118,ORD-2025799,2024-08-30,32.71,Groceries,Central
CUST-0768,ORD-2025392,2024-08-30,176.1,Home & Living,West
CUST-0691,ORD-2023736,2024-08-30,45.19,Groceries,South
CUST-0761,ORD-2023795,2024-08-30,154.79,Fashion,North
CUST-0671,ORD-2023938,2024-08-30,96.15,Fashion,South
CUST-0659,ORD-2025703,2024-08-31,81.34,Fashion,South
CUST-0654,ORD-2026225,2024-08-31,62.62,Beauty,West
CUST-0569,ORD-2023416,2024-08-31,54.34,Beauty,West
CUST-0598,ORD-2025599,2024-09-01,88.55,Sports,East
CUST-0721,ORD-2025418,2024-09-01,94.68,Fashion,North
CUST-0489,ORD-2025161,2024-09-01,162.09,Sports,North
CUST-0796,ORD-2023766,2024-09-01,264.83,Home & Living,West
CUST-0785,ORD-2024742,2024-09-01,51.16,Electronics,North
CUST-0487,ORD-2023720,2024-09-02,129.85,Home & Living,West
CUST-0190,ORD-2024087,2024-09-02,111.55,Fashion,West
CUST-0256,ORD-2024735,2024-09-02,51.3,Beauty,North
CUST-0460,ORD-2023923,2024-09-02,44.07,Groceries,Central
CUST-0216,ORD-2024579,2024-09-02,166.05,Electronics,West
CUST-0303,ORD-2026071,2024-09-02,54.04,Groceries,West
CUST-0293,ORD-2026436,2024-09-02,129.28,Sports,North
CUST-0414,ORD-2025795,2024-09-03,460.68,Electronics,North
CUST-0459,ORD-2023343,2024-09-04,69.16,Groceries,Central
CUST-0765,ORD-2025669,2024-09-04,80.79,Fashion,South
CUST-0738,ORD-2023764,2024-09-04,134.33,Fashion,South
CUST-0121,ORD-2025327,2024-09-04,103.28,Fashion,North
CUST-0385,ORD-2025114,2024-09-04,51.66,Groceries,West
CUST-0196,ORD-2023768,2024-09-04,94.08,Home & Living,East
CUST-0188,ORD-2026055,2024-09-04,55.19,Groceries,North
CUST-0205,ORD-2023527,2024-09-04,199.84,Home & Living,North
CUST-0634,ORD-2026033,2024-09-04,811.01,Electronics,North
CUST-0428,ORD-2024422,2024-09-04,244.83,Electronics,East
CUST-0009,ORD-2025983,2024-09-04,101.65,Sports,East
CUST-0233,ORD-2025261,2024-09-05,262.47,Electronics,South
CUST-0279,ORD-2024800,2024-09-05,126.44,Home & Living,Central
CUST-0220,ORD-2023689,2024-09-05,77.84,Beauty,West
CUST-0023,ORD-2023702,2024-09-05,254.61,Home & Living,West
CUST-0005,ORD-2023444,2024-09-05,429.54,Home & Living,Central
CUST-0593,ORD-2025678,2024-09-06,114.82,Sports,Central
CUST-0109,ORD-2025359,2024-09-06,69.5,Fashion,East
CUST-0827,ORD-2025928,2024-09-06,143.36,Electronics,East
CUST-0593,ORD-2025621,2024-09-06,211.01,Home & Living,North
CUST-0459,ORD-2026211,2024-09-07,79.36,Beauty,North
CUST-0348,ORD-2023808,2024-09-07,431.2,Electronics,North
CUST-0462,ORD-2024378,2024-09-07,140.76,Fashion,South
CUST-0693,ORD-2025702,2024-09-07,45.97,Groceries,Central
CUST-0511,ORD-2023591,2024-09-08,173.0,Fashion,East
CUST-0358,ORD-2026360,2024-09-08,53.24,Groceries,West
CUST-0704,ORD-2023181,2024-09-08,150.23,Beauty,South
CUST-0597,ORD-2025247,2024-09-08,283.12,Home & Living,Central
CUST-0849,ORD-2025454,2024-09-08,171.07,Home & Living,Central
CUST-0813,ORD-2025769,2024-09-09,53.07,Groceries,West
CUST-0621,ORD-2023980,2024-09-09,86.63,Beauty,Central
CUST-0520,ORD-2026227,2024-09-09,96.29,Beauty,Central
CUST-0667,ORD-2023611,2024-09-09,39.87,Groceries,West
CUST-0832,ORD-2023639,2024-09-09,147.51,Beauty,North
CUST-0752,ORD-2025339,2024-09-10,104.76,Home & Living,East
CUST-0875,ORD-2023327,2024-09-10,67.05,Groceries,South
CUST-0807,ORD-2026044,2024-09-10,485.87,Home & Living,Central
CUST-0387,ORD-2024467,2024-09-11,210.09,Sports,West
CUST-0407,ORD-2023408,2024-09-11,59.22,Beauty,South
CUST-0619,ORD-2025957,2024-09-11,141.59,Home & Living,North
CUST-0213,ORD-2026017,2024-09-11,161.19,Sports,North
CUST-0011,ORD-2025141,2024-09-11,48.08,Groceries,West
CUST-0249,ORD-2024383,2024-09-11,127.0,Beauty,Central
CUST-0597,ORD-2025912,2024-09-12,517.47,Electronics,West
CUST-0689,ORD-2023463,2024-09-12,95.27,Sports,South
CUST-0332,ORD-2025553,2024-09-12,156.19,Sports,South
CUST-0884,ORD-2024037,2024-09-13,105.79,Beauty,North
CUST-0637,ORD-2024630,2024-09-13,78.79,Beauty,West
CUST-0105,ORD-2025590,2024-09-13,80.55,Groceries,East
CUST-0226,ORD-2024723,2024-09-13,53.15,Groceries,East
CUST-0117,ORD-2025180,2024-09-13,175.51,Electronics,West
CUST-0689,ORD-2023185,2024-09-13,184.89,Home & Living,Central
CUST-0740,ORD-2026244,2024-09-13,220.41,Electronics,North
CUST-0803,ORD-2026007,2024-09-14,68.3,Beauty,West
CUST-0368,ORD-2025970,2024-09-14,91.42,Fashion,West
CUST-0456,ORD-2025565,2024-09-14,48.61,Beauty,South
CUST-0768,ORD-2026137,2024-09-14,1065.76,Electronics,North
CUST-0580,ORD-2024774,2024-09-15,42.28,Fashion,West
CUST-0844,ORD-2024624,2024-09-15,261.8,Electronics,North
CUST-0190,ORD-2023976,2024-09-15,51.36,Home & Living,East
CUST-0617,ORD-2024809,2024-09-15,216.06,Electronics,North
CUST-0714,ORD-2024955,2024-09-16,49.92,Fashion,Central
CUST-0506,ORD-2025860,2024-09-16,90.16,Fashion,Central
CUST-0029,ORD-2024969,2024-09-16,201.81,Home & Living,West
CUST-0133,ORD-2026470,2024-09-16,158.83,Home & Living,West
CUST-0784,ORD-2023482,2024-09-17,79.64,Fashion,Central
CUST-0617,ORD-2023944,2024-09-17,147.15,Home & Living,South
CUST-0010,ORD-2023684,2024-09-17,226.75,Fashion,West
CUST-0861,ORD-2024414,2024-09-17,57.47,Beauty,East
CUST-0095,ORD-2023180,2024-09-18,207.75,Electronics,North
CUST-0348,ORD-2025204,2024-09-18,394.43,Electronics,East
CUST-0193,ORD-2026036,2024-09-18,158.54,Fashion,East
CUST-0621,ORD-2024849,2024-09-18,121.78,Home & Living,East
CUST-0071,ORD-2025982,2024-09-18,278.49,Home & Living,East
CUST-0468,ORD-2023905,2024-09-19,93.94,Home & Living,South
CUST-0240,ORD-2023266,2024-09-19,352.9,Sports,West
CUST-0595,ORD-2025925,2024-09-19,227.08,Home & Living,Central
CUST-0898,ORD-2023946,2024-09-19,160.37,Electronics,West
CUST-0743,ORD-2026525,2024-09-19,46.81,Beauty,East
CUST-0503,ORD-2024958,2024-09-19,277.19,Electronics,West
CUST-0271,ORD-2026128,2024-09-20,251.31,Home & Living,Central
CUST-0426,ORD-2025642,2024-09-20,504.38,Electronics,West
CUST-0392,ORD-2023159,2024-09-20,115.25,Beauty,North
CUST-0403,ORD-2026356,2024-09-20,56.25,Groceries,West
CUST-0706,ORD-2026432,2024-09-20,210.71,Electronics,North
CUST-0691,ORD-2026148,2024-09-20,147.28,Fashion,West
CUST-0735,ORD-2025185,2024-09-20,90.18,Fashion,North
CUST-0013,ORD-2024216,2024-09-20,142.6,Fashion,West
CUST-0702,ORD-2024734,2024-09-21,217.37,Electronics,North
CUST-0822,ORD-2025275,2024-09-21,355.48,Electronics,Central
CUST-0614,ORD-2024372,2024-09-21,257.52,Electronics,North
CUST-0486,ORD-2025901,2024-09-22,176.14,Sports,West
CUST-0368,ORD-2023869,2024-09-22,117.07,Electronics,North
CUST-0237,ORD-2025779,2024-09-22,78.34,Beauty,East
CUST-0458,ORD-2025411,2024-09-22,199.72,Home & Living,West
CUST-0592,ORD-2026391,2024-09-22,93.64,Beauty,North
CUST-0845,ORD-2024750,2024-09-22,79.02,Beauty,East
CUST-0743,ORD-2026582,2024-09-23,69.93,Groceries,North
CUST-0620,ORD-2026337,2024-09-23,46.65,Groceries,East
CUST-0828,ORD-2024660,2024-09-23,155.91,Sports,West
CUST-0143,ORD-2024802,2024-09-23,164.66,Home & Living,West
CUST-0047,ORD-2024451,2024-09-23,189.74,Sports,West
CUST-0550,ORD-2024224,2024-09-24,249.44,Electronics,North
CUST-0493,ORD-2023642,2024-09-24,128.59,Electronics,East
CUST-0536,ORD-2025953,2024-09-24,102.37,Sports,Central
CUST-0863,ORD-2025203,2024-09-24,160.44,Sports,South
CUST-0160,ORD-2023459,2024-09-25,107.36,Fashion,West
CUST-0775,ORD-2024566,2024-09-25,38.04,Groceries,East
CUST-0725,ORD-2024367,2024-09-25,53.39,Groceries,North
CUST-0447,ORD-2023318,2024-09-25,108.69,Fashion,West
CUST-0081,ORD-2024242,2024-09-25,125.16,Fashion,West
CUST-0031,ORD-2023843,2024-09-25,67.25,Beauty,West
CUST-0166,ORD-2024270,2024-09-26,226.21,Home & Living,North
CUST-0743,ORD-2024146,2024-09-26,294.08,Electronics,West
CUST-0271,ORD-2025042,2024-09-26,126.76,Fashion,North
CUST-0190,ORD-2024475,2024-09-27,42.51,Groceries,East
CUST-0114,ORD-2023724,2024-09-27,62.29,Fashion,West
CUST-0262,ORD-2024842,2024-09-27,68.47,Beauty,South
CUST-0544,ORD-2025372,2024-09-27,217.03,Sports,West
CUST-0733,ORD-2023644,2024-09-28,41.83,Beauty,North
CUST-0088,ORD-2025093,2024-09-28,180.9,Electronics,North
CUST-0090,ORD-2024831,2024-09-28,65.28,Groceries,South
CUST-0463,ORD-2023145,2024-09-28,377.45,Home & Living,East
CUST-0009,ORD-2024085,2024-09-28,86.58,Sports,North
CUST-0640,ORD-2025705,2024-09-29,89.64,Fashion,East
CUST-0599,ORD-2023345,2024-09-29,117.73,Fashion,West
CUST-0154,ORD-2024663,2024-09-29,45.71,Beauty,West
CUST-0300,ORD-2025144,2024-09-29,274.19,Home & Living,North
CUST-0433,ORD-2024921,2024-09-29,840.55,Electronics,South
CUST-0662,ORD-2025228,2024-09-29,762.36,Home & Living,East
CUST-0130,ORD-2024334,2024-09-29,206.06,Sports,North
CUST-0637,ORD-2025328,2024-09-30,189.09,Home & Living,East
CUST-0274,ORD-2023116,2024-09-30,400.19,Electronics,North
CUST-0114,ORD-2025517,2024-09-30,561.94,Electronics,Central
CUST-0761,ORD-2025183,2024-10-01,54.93,Groceries,West
CUST-0315,ORD-2023320,2024-10-01,39.8,Fashion,East
CUST-0759,ORD-2023285,2024-10-01,91.01,Fashion,South
CUST-0664,ORD-2026425,2024-10-01,126.21,Home & Living,East
CUST-0426,ORD-2026279,2024-10-01,281.88,Home & Living,South
CUST-0673,ORD-2026097,2024-10-01,65.41,Beauty,Central
CUST-0454,ORD-2025389,2024-10-02,67.39,Beauty,North
CUST-0286,ORD-2025241,2024-10-02,49.51,Beauty,Central
CUST-0765,ORD-2025033,2024-10-02,318.81,Electronics,East
CUST-0243,ORD-2025617,2024-10-02,129.0,Home & Living,West
CUST-0774,ORD-2023126,2024-10-02,57.05,Beauty,East
CUST-0832,ORD-2023360,2024-10-02,176.54,Home & Living,Central
CUST-0806,ORD-2023778,2024-10-02,226.65,Sports,West
CUST-0088,ORD-2024434,2024-10-03,106.75,Beauty,Central
CUST-0826,ORD-2026125,2024-10-03,280.2,Electronics,South
CUST-0472,ORD-2023174,2024-10-03,176.47,Electronics,West
CUST-0592,ORD-2024988,2024-10-03,159.85,Sports,West
CUST-0165,ORD-2026559,2024-10-03,70.22,Fashion,West
CUST-0372,ORD-2024944,2024-10-04,37.83,Groceries,East
CUST-0449,ORD-2023280,2024-10-04,260.01,Electronics,West
CUST-0145,ORD-2024134,2024-10-04,66.98,Groceries,South
CUST-0292,ORD-2024690,2024-10-05,72.35,Groceries,West
CUST-0331,ORD-2023624,2024-10-05,552.8,Electronics,South
CUST-0785,ORD-2023415,2024-10-05,279.52,Fashion,South
CUST-0397,ORD-2024189,2024-10-05,83.71,Fashion,South
CUST-0864,ORD-2024525,2024-10-05,279.89,Sports,North
CUST-0205,ORD-2026101,2024-10-06,439.62,Electronics,North
CUST-0105,ORD-2024354,2024-10-06,94.35,Home & Living,West
CUST-0117,ORD-2023244,2024-10-06,51.68,Groceries,West
CUST-0373,ORD-2026503,2024-10-06,98.29,Beauty,South
CUST-0227,ORD-2026398,2024-10-06,360.54,Electronics,West
CUST-0186,ORD-2026273,2024-10-07,400.02,Fashion,North
CUST-0039,ORD-2026283,2024-10-07,67.67,Fashion,East
CUST-0797,ORD-2024394,2024-10-07,155.25,Fashion,North
CUST-0329,ORD-2023620,2024-10-07,122.73,Sports,South
CUST-0334,ORD-2023173,2024-10-07,91.08,Sports,West
CUST-0188,ORD-2023423,2024-10-07,435.09,Electronics,West
CUST-0685,ORD-2026237,2024-10-07,89.8,Fashion,West
CUST-0796,ORD-2025588,2024-10-07,57.36,Groceries,South
CUST-0674,ORD-2025558,2024-10-08,138.91,Beauty,South
CUST-0345,ORD-2023220,2024-10-08,287.97,Home & Living,West
CUST-0325,ORD-2024589,2024-10-08,115.55,Fashion,Central
CUST-0613,ORD-2025758,2024-10-08,94.03,Beauty,Central
CUST-0013,ORD-2023716,2024-10-09,36.11,Groceries,South
CUST-0256,ORD-2026387,2024-10-09,148.87,Electronics,West
CUST-0607,ORD-2024770,2024-10-09,62.82,Beauty,South
CUST-0653,ORD-2024124,2024-10-09,52.38,Groceries,South
CUST-0719,ORD-2023054,2024-10-09,162.84,Sports,West
CUST-0237,ORD-2025640,2024-10-09,961.2,Electronics,South
CUST-0849,ORD-2025477,2024-10-10,111.86,Home & Living,North
CUST-0428,ORD-2025504,2024-10-10,328.77,Electronics,West
CUST-0455,ORD-2023685,2024-10-10,165.87,Home & Living,West
CUST-0099,ORD-2024009,2024-10-10,157.35,Fashion,North
CUST-0459,ORD-2024912,2024-10-11,247.91,Electronics,East
CUST-0225,ORD-2023834,2024-10-11,35.0,Fashion,North
CUST-0210,ORD-2025192,2024-10-11,149.01,Electronics,South
CUST-0117,ORD-2023544,2024-10-11,59.41,Groceries,West
CUST-0424,ORD-2024395,2024-10-12,65.37,Groceries,South
CUST-0445,ORD-2023503,2024-10-12,328.0,Electronics,West
CUST-0030,ORD-2023750,2024-10-12,278.7,Electronics,South
CUST-0117,ORD-2024299,2024-10-13,65.27,Groceries,West
CUST-0292,ORD-2023031,2024-10-13,42.63,Groceries,North
CUST-0608,ORD-2025197,2024-10-13,59.85,Fashion,West
CUST-0150,ORD-2023733,2024-10-13,70.01,Fashion,South
CUST-0884,ORD-2024306,2024-10-13,424.26,Electronics,West
CUST-0826,ORD-2024237,2024-10-14,124.59,Electronics,West
CUST-0159,ORD-2026048,2024-10-14,306.53,Electronics,South
CUST-0114,ORD-2023658,2024-10-14,150.44,Fashion,Central
CUST-0830,ORD-2025475,2024-10-14,66.55,Beauty,West
CUST-0159,ORD-2024949,2024-10-14,152.8,Home & Living,Central
CUST-0079,ORD-2023469,2024-10-14,166.81,Fashion,East
CUST-0876,ORD-2024107,2024-10-14,78.38,Fashion,East
CUST-0337,ORD-2025571,2024-10-14,150.62,Home & Living,South
CUST-0266,ORD-2026434,2024-10-14,135.9,Sports,Central
CUST-0266,ORD-2026388,2024-10-14,198.51,Electronics,East
CUST-0226,ORD-2023324,2024-10-14,162.81,Sports,South
CUST-0662,ORD-2025738,2024-10-14,840.66,Electronics,West
CUST-0477,ORD-2025072,2024-10-15,219.46,Sports,South
CUST-0064,ORD-2025437,2024-10-15,49.78,Groceries,North
CUST-0036,ORD-2025713,2024-10-15,55.06,Groceries,West
CUST-0162,ORD-2024295,2024-10-15,140.67,Beauty,West
CUST-0146,ORD-2026479,2024-10-15,56.7,Groceries,East
CUST-0220,ORD-2026079,2024-10-15,38.21,Groceries,West
CUST-0659,ORD-2023414,2024-10-16,220.43,Electronics,East
CUST-0138,ORD-2023528,2024-10-16,55.91,Groceries,South
CUST-0513,ORD-2024878,2024-10-16,136.08,Fashion,West
CUST-0001,ORD-2024296,2024-10-16,139.58,Electronics,South
CUST-0396,ORD-2024211,2024-10-17,158.33,Sports,East
CUST-0531,ORD-2025439,2024-10-17,155.57,Electronics,North
CUST-0286,ORD-2024424,2024-10-17,78.52,Beauty,North
CUST-0188,ORD-2023930,2024-10-18,142.31,Electronics,West
CUST-0855,ORD-2023206,2024-10-18,92.45,Home & Living,Central
CUST-0371,ORD-2023088,2024-10-18,79.05,Beauty,South
CUST-0682,ORD-2026497,2024-10-18,206.48,Home & Living,South
CUST-0462,ORD-2026020,2024-10-19,299.33,Fashion,East
CUST-0280,ORD-2025932,2024-10-19,38.86,Groceries,North
CUST-0491,ORD-2025467,2024-10-19,146.82,Fashion,North
CUST-0498,ORD-2025374,2024-10-20,161.59,Sports,North
CUST-0500,ORD-2024771,2024-10-20,193.42,Electronics,West
CUST-0597,ORD-2024556,2024-10-20,177.53,Electronics,North
CUST-0140,ORD-2026081,2024-10-20,80.41,Fashion,East
CUST-0880,ORD-2025597,2024-10-20,119.8,Sports,East
CUST-0177,ORD-2025470,2024-10-21,62.16,Groceries,Central
CUST-0689,ORD-2023433,2024-10-21,691.08,Electronics,East
CUST-0706,ORD-2026568,2024-10-21,46.11,Groceries,West
CUST-0265,ORD-2023518,2024-10-21,239.15,Home & Living,South
CUST-0413,ORD-2025949,2024-10-21,48.16,Groceries,Central
CUST-0242,ORD-2024767,2024-10-21,90.87,Fashion,North
CUST-0481,ORD-2025232,2024-10-21,374.74,Home & Living,Central
CUST-0838,ORD-2026574,2024-10-22,332.14,Electronics,South
CUST-0238,ORD-2024265,2024-10-22,252.15,Home & Living,South
CUST-0579,ORD-2025178,2024-10-22,41.69,Groceries,North
CUST-0484,ORD-2024111,2024-10-22,74.01,Beauty,Central
CUST-0105,ORD-2024672,2024-10-22,109.12,Fashion,West
CUST-0431,ORD-2025593,2024-10-23,29.53,Groceries,South
CUST-0162,ORD-2025151,2024-10-23,78.72,Groceries,North
CUST-0107,ORD-2026431,2024-10-23,144.13,Electronics,West
CUST-0297,ORD-2026449,2024-10-23,167.48,Fashion,Central
CUST-0447,ORD-2024490,2024-10-23,170.51,Fashion,South
CUST-0343,ORD-2026024,2024-10-24,110.45,Fashion,North
CUST-0193,ORD-2023896,2024-10-24,228.39,Sports,North
CUST-0472,ORD-2025897,2024-10-24,50.54,Groceries,East
CUST-0844,ORD-2024345,2024-10-25,313.23,Electronics,West
CUST-0533,ORD-2023614,2024-10-25,140.44,Fashion,Central
CUST-0240,ORD-2026201,2024-10-25,113.88,Fashion,Central
CUST-0440,ORD-2024443,2024-10-25,112.42,Electronics,West
CUST-0627,ORD-2026242,2024-10-25,86.29,Electronics,Central
CUST-0832,ORD-2024528,2024-10-25,242.11,Fashion,East
CUST-0070,ORD-2025234,2024-10-26,73.98,Fashion,East
CUST-0351,ORD-2025651,2024-10-26,345.53,Electronics,East
CUST-0002,ORD-2023876,2024-10-26,215.4,Home & Living,North
CUST-0849,ORD-2024001,2024-10-26,154.59,Sports,North
CUST-0807,ORD-2024759,2024-10-26,95.92,Beauty,West
CUST-0664,ORD-2025997,2024-10-26,261.81,Electronics,North
CUST-0240,ORD-2024366,2024-10-27,96.33,Beauty,North
CUST-0435,ORD-2025335,2024-10-27,127.92,Fashion,South
CUST-0142,ORD-2025431,2024-10-27,56.08,Fashion,East
CUST-0488,ORD-2023193,2024-10-28,227.99,Electronics,South
CUST-0458,ORD-2025765,2024-10-28,91.99,Sports,East
CUST-0187,ORD-2023665,2024-10-28,264.01,Electronics,North
CUST-0396,ORD-2026595,2024-10-28,65.69,Fashion,East
CUST-0243,ORD-2025405,2024-10-29,152.08,Sports,North
CUST-0431,ORD-2025724,2024-10-29,358.37,Home & Living,South
CUST-0858,ORD-2024162,2024-10-29,229.65,Home & Living,West
CUST-0380,ORD-2025987,2024-10-29,262.74,Fashion,West
CUST-0519,ORD-2025810,2024-10-29,128.47,Beauty,South
CUST-0534,ORD-2025570,2024-10-29,78.74,Fashion,West
CUST-0864,ORD-2024382,2024-10-30,81.37,Electronics,South
CUST-0162,ORD-2026382,2024-10-30,65.99,Beauty,North
CUST-0373,ORD-2026233,2024-10-30,124.1,Fashion,West
CUST-0800,ORD-2024483,2024-10-30,126.55,Home & Living,West
CUST-0563,ORD-2025746,2024-10-31,653.3,Electronics,West
CUST-0479,ORD-2023601,2024-10-31,397.96,Electronics,West
CUST-0244,ORD-2023162,2024-10-31,83.18,Home & Living,Central
CUST-0629,ORD-2026095,2024-10-31,64.74,Beauty,East
CUST-0712,ORD-2024984,2024-11-01,92.55,Fashion,East
CUST-0511,ORD-2023108,2024-11-01,404.76,Electronics,West
CUST-0721,ORD-2025998,2024-11-01,231.73,Electronics,North
CUST-0264,ORD-2026427,2024-11-01,78.06,Groceries,West
CUST-0009,ORD-2024522,2024-11-01,63.04,Groceries,West
CUST-0424,ORD-2026070,2024-11-01,127.71,Electronics,Central
CUST-0426,ORD-2024692,2024-11-02,74.48,Fashion,East
CUST-0254,ORD-2023461,2024-11-02,111.68,Beauty,Central
CUST-0769,ORD-2024518,2024-11-02,74.61,Fashion,East
CUST-0672,ORD-2025473,2024-11-02,142.35,Home & Living,West
CUST-0485,ORD-2023696,2024-11-02,93.12,Sports,Central
CUST-0157,ORD-2026320,2024-11-03,114.58,Beauty,North
CUST-0645,ORD-2023850,2024-11-03,148.62,Sports,East
CUST-0299,ORD-2024913,2024-11-03,137.34,Sports,Central
CUST-0469,ORD-2023330,2024-11-03,112.9,Fashion,East
CUST-0110,ORD-2024390,2024-11-03,102.3,Beauty,East
CUST-0083,ORD-2025126,2024-11-04,97.06,Fashion,South
CUST-0738,ORD-2023090,2024-11-04,301.33,Home & Living,North
CUST-0591,ORD-2026153,2024-11-04,258.31,Sports,South
CUST-0231,ORD-2023307,2024-11-04,67.4,Groceries,East
CUST-0728,ORD-2026061,2024-11-04,333.47,Home & Living,South
CUST-0005,ORD-2024183,2024-11-04,85.97,Sports,North
CUST-0431,ORD-2026222,2024-11-04,157.41,Sports,Central
CUST-0427,ORD-2026370,2024-11-05,32.93,Groceries,South
CUST-0514,ORD-2023814,2024-11-05,607.89,Electronics,North
CUST-0240,ORD-2025708,2024-11-05,156.28,Fashion,North
CUST-0167,ORD-2026533,2024-11-05,50.94,Groceries,East
CUST-0084,ORD-2024908,2024-11-05,63.56,Groceries,Central
CUST-0396,ORD-2023035,2024-11-06,215.32,Sports,East
CUST-0305,ORD-2024698,2024-11-06,91.45,Groceries,West
CUST-0069,ORD-2023535,2024-11-06,482.43,Home & Living,North
CUST-0278,ORD-2026118,2024-11-07,72.89,Sports,South
CUST-0398,ORD-2026437,2024-11-07,195.83,Sports,South
CUST-0250,ORD-2025889,2024-11-07,186.57,Fashion,South
CUST-0312,ORD-2024792,2024-11-07,51.33,Groceries,West
CUST-0225,ORD-2025035,2024-11-07,231.03,Electronics,East
CUST-0015,ORD-2023074,2024-11-07,63.6,Groceries,South
CUST-0081,ORD-2024801,2024-11-08,616.48,Electronics,South
CUST-0632,ORD-2024512,2024-11-08,141.58,Home & Living,North
CUST-0888,ORD-2024658,2024-11-08,110.52,Beauty,East
CUST-0399,ORD-2025354,2024-11-08,45.81,Groceries,East
CUST-0220,ORD-2023519,2024-11-08,63.96,Groceries,West
CUST-0844,ORD-2026570,2024-11-08,176.31,Sports,Central
CUST-0826,ORD-2025027,2024-11-08,43.96,Groceries,West
CUST-0041,ORD-2023305,2024-11-09,911.1,Electronics,North
CUST-0506,ORD-2024055,2024-11-09,126.92,Beauty,South
CUST-0462,ORD-2025272,2024-11-09,370.31,Electronics,West
CUST-0809,ORD-2023852,2024-11-09,56.87,Beauty,East
CUST-0426,ORD-2023201,2024-11-09,256.7,Fashion,North
CUST-0839,ORD-2026501,2024-11-10,99.5,Fashion,South
CUST-0871,ORD-2025316,2024-11-10,186.38,Electronics,North
CUST-0597,ORD-2025613,2024-11-10,398.65,Home & Living,Central
CUST-0793,ORD-2025814,2024-11-10,236.59,Sports,North
CUST-0435,ORD-2023758,2024-11-10,128.04,Fashion,West
CUST-0595,ORD-2023377,2024-11-10,90.49,Fashion,North
CUST-0111,ORD-2023150,2024-11-11,97.88,Home & Living,North
CUST-0888,ORD-2023939,2024-11-11,364.65,Electronics,North
CUST-0538,ORD-2023963,2024-11-11,108.44,Fashion,West
CUST-0003,ORD-2026301,2024-11-11,189.05,Fashion,East
CUST-0765,ORD-2024868,2024-11-11,119.41,Fashion,West
CUST-0815,ORD-2023765,2024-11-11,73.92,Home & Living,Central
CUST-0343,ORD-2023848,2024-11-11,157.9,Home & Living,West
CUST-0894,ORD-2023293,2024-11-12,48.87,Groceries,West
CUST-0794,ORD-2026401,2024-11-12,96.46,Fashion,Central
CUST-0465,ORD-2023401,2024-11-12,67.28,Groceries,North
CUST-0809,ORD-2026334,2024-11-12,107.78,Fashion,West
CUST-0178,ORD-2025017,2024-11-12,208.2,Sports,North
CUST-0277,ORD-2023365,2024-11-13,254.14,Home & Living,Central
CUST-0335,ORD-2026429,2024-11-13,661.29,Electronics,West
CUST-0758,ORD-2024282,2024-11-13,647.78,Electronics,West
CUST-0827,ORD-2026414,2024-11-13,144.79,Home & Living,South
CUST-0551,ORD-2023077,2024-11-13,66.56,Groceries,West
CUST-0520,ORD-2023941,2024-11-13,125.91,Sports,East
CUST-0543,ORD-2023523,2024-11-13,55.73,Fashion,West
CUST-0826,ORD-2025877,2024-11-13,79.27,Beauty,East
CUST-0553,ORD-2024200,2024-11-14,251.78,Home & Living,West
CUST-0249,ORD-2023142,2024-11-14,60.89,Groceries,East
CUST-0129,ORD-2023153,2024-11-14,153.32,Beauty,South
CUST-0793,ORD-2024125,2024-11-15,43.25,Groceries,West
CUST-0276,ORD-2025503,2024-11-15,184.48,Fashion,Central
CUST-0342,ORD-2024046,2024-11-15,63.0,Groceries,Central
CUST-0083,ORD-2026000,2024-11-15,190.9,Fashion,Central
CUST-0001,ORD-2025787,2024-11-15,44.38,Groceries,Central
CUST-0885,ORD-2026089,2024-11-15,68.04,Groceries,North
CUST-0875,ORD-2024441,2024-11-15,264.57,Electronics,Central
CUST-0157,ORD-2025610,2024-11-15,40.87,Groceries,West
CUST-0230,ORD-2024586,2024-11-16,106.15,Beauty,West
CUST-0640,ORD-2023372,2024-11-16,83.08,Beauty,North
CUST-0502,ORD-2025012,2024-11-16,97.11,Fashion,Central
CUST-0793,ORD-2025554,2024-11-16,89.62,Groceries,North
CUST-0770,ORD-2024638,2024-11-16,66.32,Groceries,North
CUST-0028,ORD-2026518,2024-11-17,82.12,Groceries,West
CUST-0716,ORD-2025205,2024-11-17,150.26,Home & Living,South
CUST-0532,ORD-2025520,2024-11-17,144.21,Sports,West
CUST-0045,ORD-2026178,2024-11-18,741.2,Electronics,North
CUST-0426,ORD-2025943,2024-11-18,172.92,Sports,South
CUST-0414,ORD-2026539,2024-11-19,115.0,Fashion,South
CUST-0419,ORD-2023815,2024-11-19,717.38,Electronics,Central
CUST-0346,ORD-2025216,2024-11-20,59.62,Groceries,South
CUST-0405,ORD-2025647,2024-11-20,288.1,Electronics,West
CUST-0240,ORD-2025109,2024-11-20,422.0,Home & Living,Central
CUST-0126,ORD-2024957,2024-11-20,184.62,Sports,Central
CUST-0274,ORD-2024305,2024-11-20,141.88,Fashion,West
CUST-0846,ORD-2026234,2024-11-20,392.42,Electronics,Central
CUST-0390,ORD-2026165,2024-11-21,136.65,Sports,West
CUST-0216,ORD-2024104,2024-11-21,62.16,Groceries,South
CUST-0105,ORD-2023167,2024-11-21,61.96,Fashion,South
CUST-0794,ORD-2023838,2024-11-21,62.77,Groceries,North
CUST-0536,ORD-2025976,2024-11-21,535.27,Electronics,North
CUST-0588,ORD-2026310,2024-11-22,227.03,Fashion,Central
CUST-0815,ORD-2025169,2024-11-22,469.18,Electronics,East
CUST-0521,ORD-2023820,2024-11-22,689.56,Electronics,North
CUST-0251,ORD-2024526,2024-11-22,46.2,Groceries,West
CUST-0345,ORD-2024243,2024-11-23,142.35,Electronics,East
CUST-0098,ORD-2023927,2024-11-23,36.36,Groceries,North
CUST-0664,ORD-2024862,2024-11-23,85.06,Groceries,East
CUST-0825,ORD-2025589,2024-11-23,109.18,Home & Living,West
CUST-0110,ORD-2026011,2024-11-23,213.59,Home & Living,East
CUST-0464,ORD-2024666,2024-11-24,40.59,Fashion,North
CUST-0892,ORD-2023541,2024-11-24,102.92,Fashion,East
CUST-0538,ORD-2024585,2024-11-24,44.49,Groceries,South
CUST-0899,ORD-2026452,2024-11-24,550.31,Home & Living,West
CUST-0809,ORD-2025500,2024-11-24,58.44,Groceries,West
CUST-0469,ORD-2023009,2024-11-24,183.39,Sports,West
CUST-0380,ORD-2023309,2024-11-24,42.55,Groceries,East
CUST-0506,ORD-2024651,2024-11-25,164.85,Electronics,East
CUST-0879,ORD-2023856,2024-11-25,282.19,Electronics,North
CUST-0784,ORD-2024856,2024-11-25,49.27,Fashion,West
CUST-0491,ORD-2026203,2024-11-25,188.74,Home & Living,North
CUST-0149,ORD-2026252,2024-11-26,195.24,Electronics,South
CUST-0633,ORD-2025108,2024-11-26,205.08,Electronics,South
CUST-0719,ORD-2025797,2024-11-26,854.0,Electronics,South
CUST-0556,ORD-2025233,2024-11-26,56.96,Beauty,Central
CUST-0632,ORD-2023958,2024-11-26,378.15,Home & Living,North
CUST-0178,ORD-2023013,2024-11-27,194.07,Electronics,East
CUST-0826,ORD-2025531,2024-11-27,107.66,Fashion,Central
CUST-0292,ORD-2024268,2024-11-27,147.12,Home & Living,South
CUST-0594,ORD-2023714,2024-11-27,101.86,Fashion,West
CUST-0876,ORD-2023325,2024-11-27,457.62,Electronics,North
CUST-0285,ORD-2024822,2024-11-28,137.12,Fashion,South
CUST-0317,ORD-2026552,2024-11-28,516.51,Electronics,West
CUST-0489,ORD-2023499,2024-11-28,445.13,Electronics,North
CUST-0705,ORD-2025386,2024-11-28,57.98,Groceries,South
CUST-0081,ORD-2025005,2024-11-28,124.02,Beauty,North
CUST-0318,ORD-2026139,2024-11-28,244.93,Home & Living,South
CUST-0114,ORD-2023346,2024-11-28,150.11,Home & Living,West
CUST-0142,ORD-2025544,2024-11-29,85.46,Fashion,West
CUST-0049,ORD-2026321,2024-11-29,570.25,Electronics,North
CUST-0575,ORD-2026170,2024-11-29,89.1,Fashion,North
CUST-0325,ORD-2025719,2024-11-29,195.19,Home & Living,West
CUST-0204,ORD-2026110,2024-11-29,138.73,Home & Living,North
CUST-0369,ORD-2025652,2024-11-29,200.63,Fashion,East
CUST-0846,ORD-2024326,2024-11-29,153.44,Fashion,West
CUST-0428,ORD-2026293,2024-11-30,84.14,Groceries,North
CUST-0519,ORD-2025955,2024-11-30,104.84,Beauty,East
CUST-0206,ORD-2025623,2024-12-01,142.76,Fashion,Central
CUST-0588,ORD-2024051,2024-12-01,326.62,Electronics,South
CUST-0249,ORD-2023700,2024-12-01,208.75,Home & Living,West
CUST-0542,ORD-2024837,2024-12-02,209.85,Fashion,South
CUST-0793,ORD-2025825,2024-12-02,104.71,Fashion,West
CUST-0881,ORD-2025364,2024-12-02,79.78,Groceries,West
CUST-0727,ORD-2025709,2024-12-02,183.33,Fashion,North
CUST-0424,ORD-2025446,2024-12-02,143.71,Fashion,East
CUST-0867,ORD-2025406,2024-12-02,66.69,Beauty,East
CUST-0190,ORD-2024936,2024-12-03,174.67,Fashion,West
CUST-0221,ORD-2024553,2024-12-03,345.4,Electronics,Central
CUST-0383,ORD-2023781,2024-12-03,217.48,Electronics,North
CUST-0424,ORD-2023819,2024-12-03,832.06,Electronics,South
CUST-0050,ORD-2023592,2024-12-03,123.24,Fashion,East
CUST-0816,ORD-2023058,2024-12-04,218.95,Home & Living,East
CUST-0614,ORD-2025008,2024-12-04,431.75,Electronics,South
CUST-0887,ORD-2026428,2024-12-04,146.72,Beauty,North
CUST-0501,ORD-2024940,2024-12-04,52.35,Groceries,Central
CUST-0219,ORD-2025311,2024-12-04,221.54,Electronics,Central
CUST-0524,ORD-2026407,2024-12-05,103.19,Fashion,South
CUST-0045,ORD-2023985,2024-12-05,122.01,Beauty,East
CUST-0659,ORD-2025694,2024-12-05,60.08,Groceries,South
CUST-0575,ORD-2024185,2024-12-05,112.41,Fashion,South
CUST-0010,ORD-2024466,2024-12-05,161.66,Sports,Central
CUST-0887,ORD-2023532,2024-12-06,445.12,Electronics,South
CUST-0757,ORD-2025596,2024-12-06,200.24,Fashion,East
CUST-0144,ORD-2026107,2024-12-06,124.72,Fashion,West
CUST-0719,ORD-2024863,2024-12-07,49.58,Groceries,West
CUST-0395,ORD-2025892,2024-12-07,172.6,Beauty,North
CUST-0002,ORD-2025698,2024-12-07,160.7,Beauty,West
CUST-0408,ORD-2026349,2024-12-07,89.34,Fashion,South
CUST-0540,ORD-2024297,2024-12-07,129.56,Fashion,East
CUST-0887,ORD-2025323,2024-12-07,58.73,Groceries,South
CUST-0875,ORD-2023400,2024-12-07,480.46,Electronics,East
CUST-0153,ORD-2026350,2024-12-07,248.22,Sports,Central
CUST-0082,ORD-2024896,2024-12-08,609.34,Electronics,South
CUST-0294,ORD-2024267,2024-12-08,111.42,Fashion,East
CUST-0424,ORD-2024678,2024-12-08,581.6,Electronics,West
CUST-0178,ORD-2024799,2024-12-08,96.69,Beauty,West
CUST-0890,ORD-2023278,2024-12-08,99.76,Beauty,South
CUST-0826,ORD-2024730,2024-12-08,464.95,Electronics,Central
CUST-0534,ORD-2023609,2024-12-08,423.05,Home & Living,West
CUST-0793,ORD-2026417,2024-12-08,68.85,Groceries,North
CUST-0166,ORD-2025352,2024-12-08,197.1,Sports,West
CUST-0196,ORD-2026096,2024-12-08,83.93,Beauty,North
CUST-0708,ORD-2024176,2024-12-08,71.93,Beauty,East
CUST-0330,ORD-2025016,2024-12-08,580.79,Electronics,Central
CUST-0634,ORD-2026482,2024-12-09,375.13,Fashion,South
CUST-0507,ORD-2025913,2024-12-09,199.9,Sports,South
CUST-0006,ORD-2024608,2024-12-09,353.45,Fashion,Central
CUST-0725,ORD-2024551,2024-12-09,179.22,Home & Living,North
CUST-0289,ORD-2024907,2024-12-09,232.35,Sports,North
CUST-0630,ORD-2026040,2024-12-09,197.18,Beauty,East
CUST-0220,ORD-2024892,2024-12-10,174.16,Fashion,Central
CUST-0798,ORD-2026340,2024-12-10,167.81,Home & Living,North
CUST-0305,ORD-2026460,2024-12-10,216.4,Home & Living,East
CUST-0643,ORD-2024468,2024-12-10,166.22,Home & Living,North
CUST-0543,ORD-2026262,2024-12-10,85.54,Fashion,Central
CUST-0682,ORD-2023548,2024-12-10,146.64,Home & Living,West
CUST-0645,ORD-2024419,2024-12-10,136.16,Fashion,West
CUST-0410,ORD-2025649,2024-12-11,252.2,Sports,East
CUST-0305,ORD-2023395,2024-12-11,115.92,Sports,South
CUST-0295,ORD-2025601,2024-12-12,80.7,Beauty,East
CUST-0462,ORD-2025062,2024-12-12,71.85,Groceries,North
CUST-0571,ORD-2024261,2024-12-12,50.65,Groceries,Central
CUST-0423,ORD-2026143,2024-12-12,121.37,Beauty,South
CUST-0586,ORD-2024545,2024-12-12,121.91,Sports,Central
CUST-0069,ORD-2023139,2024-12-12,257.76,Electronics,South
CUST-0563,ORD-2026212,2024-12-13,131.58,Home & Living,East
CUST-0240,ORD-2025967,2024-12-13,59.7,Groceries,East
CUST-0468,ORD-2024930,2024-12-13,319.37,Electronics,West
CUST-0044,ORD-2024740,2024-12-13,107.46,Sports,North
CUST-0009,ORD-2023056,2024-12-14,487.1,Electronics,Central
CUST-0286,ORD-2024092,2024-12-14,379.16,Electronics,North
CUST-0779,ORD-2026468,2024-12-14,256.48,Electronics,Central
CUST-0304,ORD-2023773,2024-12-14,166.68,Fashion,East
CUST-0173,ORD-2024247,2024-12-15,79.83,Beauty,East
CUST-0262,ORD-2025661,2024-12-15,47.42,Groceries,Central
CUST-0778,ORD-2023789,2024-12-15,103.76,Sports,West
CUST-0229,ORD-2026389,2024-12-15,101.73,Beauty,South
CUST-0166,ORD-2024775,2024-12-15,114.52,Groceries,East
CUST-0440,ORD-2025080,2024-12-15,179.4,Fashion,West
CUST-0069,ORD-2023053,2024-12-16,288.34,Home & Living,East
CUST-0599,ORD-2026010,2024-12-16,56.96,Beauty,South
CUST-0179,ORD-2023892,2024-12-16,47.68,Groceries,West
CUST-0312,ORD-2026224,2024-12-16,137.68,Sports,East
CUST-0635,ORD-2024075,2024-12-16,478.14,Electronics,South
CUST-0210,ORD-2025707,2024-12-16,180.39,Home & Living,East
CUST-0603,ORD-2024952,2024-12-17,47.9,Groceries,West
CUST-0132,ORD-2025117,2024-12-17,71.95,Groceries,West
CUST-0266,ORD-2026130,2024-12-17,52.73,Groceries,West
CUST-0710,ORD-2024920,2024-12-18,223.37,Home & Living,West
CUST-0337,ORD-2024050,2024-12-18,267.26,Sports,West
CUST-0551,ORD-2023438,2024-12-19,179.19,Home & Living,Central
CUST-0586,ORD-2025780,2024-12-19,55.59,Groceries,South
CUST-0412,ORD-2023516,2024-12-19,114.93,Fashion,North
CUST-0249,ORD-2023186,2024-12-19,68.88,Fashion,South
CUST-0637,ORD-2024339,2024-12-20,51.78,Beauty,East
CUST-0476,ORD-2024785,2024-12-20,72.17,Groceries,West
CUST-0883,ORD-2024144,2024-12-20,211.42,Electronics,West
CUST-0827,ORD-2024348,2024-12-20,185.89,Home & Living,East
CUST-0462,ORD-2025255,2024-12-21,88.63,Beauty,South
CUST-0212,ORD-2024847,2024-12-21,78.95,Beauty,South
CUST-0245,ORD-2024364,2024-12-21,265.75,Electronics,North
CUST-0193,ORD-2026196,2024-12-21,218.74,Fashion,North
CUST-0498,ORD-2023717,2024-12-22,184.36,Home & Living,West
CUST-0598,ORD-2025064,2024-12-22,132.97,Fashion,East
CUST-0241,ORD-2024786,2024-12-22,179.02,Home & Living,West
CUST-0686,ORD-2024230,2024-12-22,92.03,Fashion,North
CUST-0387,ORD-2025742,2024-12-22,64.06,Beauty,East
CUST-0899,ORD-2025020,2024-12-22,187.79,Fashion,Central
CUST-0554,ORD-2024758,2024-12-22,106.29,Beauty,South
CUST-0849,ORD-2026307,2024-12-23,127.46,Electronics,East
CUST-0568,ORD-2026116,2024-12-23,137.03,Beauty,East
CUST-0592,ORD-2025172,2024-12-23,52.89,Groceries,South
CUST-0475,ORD-2023396,2024-12-24,43.64,Groceries,Central
CUST-0357,ORD-2023468,2024-12-24,108.42,Sports,North
CUST-0386,ORD-2026540,2024-12-24,129.11,Home & Living,West
CUST-0029,ORD-2026562,2024-12-24,144.32,Beauty,East
CUST-0378,ORD-2023771,2024-12-24,200.52,Electronics,North
CUST-0590,ORD-2026520,2024-12-24,66.85,Fashion,West
CUST-0162,ORD-2024830,2024-12-24,57.28,Groceries,Central
CUST-0637,ORD-2025356,2024-12-24,126.03,Electronics,North
CUST-0063,ORD-2024177,2024-12-25,263.76,Electronics,West
CUST-0514,ORD-2025804,2024-12-25,245.36,Sports,West
CUST-0636,ORD-2024537,2024-12-25,75.25,Fashion,West
CUST-0350,ORD-2025465,2024-12-25,520.98,Home & Living,East
CUST-0428,ORD-2025899,2024-12-25,115.41,Fashion,Central
CUST-0213,ORD-2024084,2024-12-25,171.95,Home & Living,South
CUST-0101,ORD-2023561,2024-12-26,106.88,Electronics,East
CUST-0385,ORD-2024671,2024-12-26,48.38,Groceries,Central
CUST-0849,ORD-2024033,2024-12-26,77.28,Beauty,West
CUST-0304,ORD-2025878,2024-12-26,817.97,Electronics,North
CUST-0822,ORD-2024807,2024-12-26,64.63,Groceries,West
CUST-0139,ORD-2024939,2024-12-26,178.84,Sports,North
CUST-0404,ORD-2025143,2024-12-26,112.06,Sports,North
CUST-0011,ORD-2023260,2024-12-26,139.93,Electronics,North
CUST-0190,ORD-2025785,2024-12-26,200.88,Fashion,North
CUST-0003,ORD-2026328,2024-12-26,99.49,Groceries,West
CUST-0278,ORD-2023040,2024-12-26,53.33,Groceries,South
CUST-0066,ORD-2023342,2024-12-27,489.07,Home & Living,East
CUST-0419,ORD-2023851,2024-12-27,563.21,Electronics,West
CUST-0031,ORD-2023163,2024-12-27,69.25,Groceries,Central
CUST-0514,ORD-2024848,2024-12-27,48.54,Groceries,South
CUST-0752,ORD-2024927,2024-12-27,144.5,Fashion,South
CUST-0468,ORD-2025844,2024-12-27,183.88,Electronics,South
CUST-0761,ORD-2024471,2024-12-28,113.84,Electronics,East
CUST-0325,ORD-2026239,2024-12-28,330.26,Electronics,West
CUST-0592,ORD-2025539,2024-12-28,76.65,Groceries,West
CUST-0200,ORD-2023660,2024-12-28,134.89,Home & Living,North
CUST-0354,ORD-2025043,2024-12-28,188.72,Home & Living,West
CUST-0598,ORD-2025508,2024-12-29,39.83,Beauty,East
CUST-0850,ORD-2024446,2024-12-29,121.1,Fashion,South
CUST-0126,ORD-2025333,2024-12-29,55.98,Groceries,West
CUST-0867,ORD-2024990,2024-12-29,103.05,Electronics,West
CUST-0094,ORD-2026368,2024-12-29,89.46,Beauty,East
CUST-0019,ORD-2026248,2024-12-29,187.85,Fashion,Central
CUST-0223,ORD-2023371,2024-12-29,423.19,Electronics,West
CUST-0806,ORD-2023918,2024-12-29,56.7,Groceries,Central
CUST-0112,ORD-2026260,2024-12-30,427.29,Electronics,West
CUST-0712,ORD-2024884,2024-12-30,748.33,Electronics,South
CUST-0226,ORD-2026522,2024-12-30,97.05,Electronics,East
CUST-0225,ORD-2024257,2024-12-30,54.98,Groceries,East
CUST-0371,ORD-2025667,2024-12-30,142.06,Beauty,East
CUST-0568,ORD-2023942,2024-12-30,181.2,Sports,South
CUST-0146,ORD-2023916,2024-12-30,62.95,Groceries,West
CUST-0153,ORD-2025521,2024-12-31,43.35,Groceries,North
CUST-0447,ORD-2025680,2024-12-31,91.82,Fashion,West
CUST-0169,ORD-2024271,2024-12-31,110.2,Fashion,North
